1,521 SWARTHMORE AVENUE,PACIFIC PALISADES,CA,90272-4350
2,2015 W TEMPLE STREET,LOS ANGELES,CA,90026-4913
3,1605 W OLYMPIC BLVD #9023,LOS ANGELES,CA,90015-3828
4,1715 W FLORENCE AVENUE,LOS ANGELES,CA,90047-2220
5,3806 W PICO BLVD,LOS ANGELES,CA,90019-4304
6,260 S UNION AVENUE #1,LOS ANGELES,CA,90026-5452
7,3115 VENICE BLVD,LOS ANGELES,CA,90019-6238
8,2601 W PICO BLVD #2,LOS ANGELES,CA,90006-3901
9,4151 BEVERLY BLVD,LOS ANGELES,CA,90004-4461
10,3049 W 8TH STREET #763,LOS ANGELES,CA,90005-1873
11,1150 VENICE BLVD,LOS ANGELES,CA,90015-3214
12,1201 W MANCHESTER AVENUE,LOS ANGELES,CA,90044-2237
13,10611 S HOOVER STREET,LOS ANGELES,CA,90044-4443
14,1220 S SHENANDOAH STREET,LOS ANGELES,CA,90035-2238
15,10510 ODESSA AVENUE,GRANADA HILLS,CA,91344-6721
16,114 E 5TH STREET,LOS ANGELES,CA,90013-1416
17,5852 CORBIN AVENUE,TARZANA,CA,91356-1005
18,1836 W IMPERIAL HIGHWAY,LOS ANGELES,CA,90047-5020
19,837 W IMPERIAL HIGHWAY,LOS ANGELES,CA,90044-4110
20,3780 WILSHIRE BLVD #910,LOS ANGELES,CA,90010-2840
21,16600 HAMLIN STREET,LAKE BALBOA,CA,91406-5615
22,11565 LAUREL CANYON BLVD #100 3,SAN FERNANDO,CA,91340-4168
23,5230 KESTER AVENUE #4,SHERMAN OAKS,CA,91411-4019
24,8117 CREIGHTON AVENUE,LOS ANGELES,CA,90045-2709
25,2315 KENILWORTH AVENUE,LOS ANGELES,CA,90039-3041
26,133 N SUNOL DRIVE,LOS ANGELES,CA,90063-1429
27,7817 LANKERSHIM BLVD,NORTH HOLLYWOOD,CA,91605-2523
28,1535 N FORMOSA AVENUE,LOS ANGELES,CA,90046-3601
29,122 N MARIPOSA AVENUE #8,LOS ANGELES,CA,90004-4538
30,1159   LAS PULGAS PLACE,PACIFIC PALISADES,CA,90272-2440
31,2503 W 7TH STREET,LOS ANGELES,CA,90057-3801
32,1444 W Q STREET,WILMINGTON,CA,90744-1971
33,378 E DEL MAR BLVD #9,PASADENA,CA,91101-2781
34,2834 1/2 W VERNON AVENUE,LOS ANGELES,CA,90008-4713
35,6400 WEST BLVD,LOS ANGELES,CA,90043-3866
36,5308 11TH AVENUE,LOS ANGELES,CA,90043-4818
37,106 CENTRAL AVENUE,SALINAS,CA,93901-2630
38,1969 S VERMONT AVENUE,LOS ANGELES,CA,90007-1254
39,7101 BAIRD AVENUE,RESEDA,CA,91335-4150
40,2630 E 7TH STREET,LOS ANGELES,CA,90023-1409
41,232 E 4TH STREET,LOS ANGELES,CA,90013-1404
42,3393 BENNETT DRIVE,LOS ANGELES,CA,90068-1703
43,4151 ARCH DRIVE #308,STUDIO CITY,CA,91604-3243
44,2975 WILSHIRE BLVD #415,LOS ANGELES,CA,90010-1112
45,3852 BERRYMAN AVENUE,LOS ANGELES,CA,90066-4016
46,410 E 9TH STREET,LOS ANGELES,CA,90015-1804
47,3712 ALMERIA STREET,SAN PEDRO,CA,90731-6412
48,1377 W 7TH STREET,SAN PEDRO,CA,90732-3504
49,3756 SANTA ROSALIA DRIVE #210,LOS ANGELES,CA,90008-3616
50,1924 PINEHURST ROAD,LOS ANGELES,CA,90068-3730
51,5064 1/2 LANKERSHIM BLVD,N HOLLYWOOD,CA,91601-4225
52,23002 VICTORY BLVD,WOODLAND HILLS,CA,91367-1635
53,20451 SHERMAN WAY,CANOGA PARK,CA,91306-3109
54,8720   BURTON WAY,LOS ANGELES,CA,90048-3810
55,6075 POPLAR AVENUE #500,MEMPHIS,CA,38119-
56,4301 AVOCADO STREET,LOS ANGELES,CA,90027-2121
57,520 S BURNSIDE AVENUE #9K,LOS ANGELES,CA,90036-3997
58,21107 1/2 SHERMAN WAY,CANOGA PARK,CA,91303-1679
59,1712 S LA BREA AVENUE,LOS ANGELES,CA,90019-5401
60,2711 S LILAC AVENUE,BLOOMINGTON,CA,92316-3213
61,3341 FAY AVENUE,CULVER CITY,CA,90232-7433
62,8103 1/2 BEVERLY BLVD,LOS ANGELES,CA,90048-4507
63,23231 NORMANDIE AVENUE,TORRANCE,CA,90501-5050
64,5942 WASHINGTON BLVD,CULVER CITY,CA,90232-7325
65,7925 CORA STREET,SUNLAND,CA,91040-3307
66,6841 DUME DRIVE,MALIBU,CA,90265-4224
67,795 E DEBRA LANE,ANAHEIM,CA,92805-6334
68,15260 VENTURA BLVD #1040,SHERMAN OAKS,CA,91403-5345
69,1469 S NORTON AVENUE,LOS ANGELES,CA,90019-4334
70,1085 MANZANITA STREET,LOS ANGELES,CA,90029-3011
71,1435 W 7TH STREET,SAN PEDRO,CA,90732-3506
72,1251 W REDONDO BEACH BLVD #1,GARDENA,CA,90247-3412
73,831   E 61ST STREET #A,LOS ANGELES,CA,90001-1033
74,1152 VENICE BLVD,LOS ANGELES,CA,90015-3214
75,1360 W 6TH STREET #220,SAN PEDRO,CA,90732-3547
76,1245 WILSHIRE BLVD #2NDFL,LOS ANGELES,CA,90017-4810
77,1520 W 45TH STREET,LOS ANGELES,CA,90062-2001
78,5900 FIRESTONE BLVD,SOUTH GATE,CA,90280-3708
79,1512 S SANTA ANITA AVENUE,ARCADIA,CA,91006-4015
80,2050 S BUNDY DRIVE #268,LOS ANGELES,CA,90025-6128
81,305 N SOTO STREET,LOS ANGELES,CA,90033-1862
82,1206 S WESTERN AVENUE,LOS ANGELES,CA,90006-3108
83,5208 W PICO BLVD SUITE #8,LOS ANGELES,CA,90019-4054
84,601 S FIGUEROA STREET SUITE #3540,LOS ANGELES,CA,90017-5740
85,623 N AVALON BLVD,WILMINGTON,CA,90744-5807
86,19780 PACIFIC GATEWAY DRIVE,TORRANCE,CA,90502-1131
87,710 W 39TH STREET,SAN PEDRO,CA,90731-6941
88,14141 COVELLO STREET #10A,VAN NUYS,CA,91405-1448
89,2224 S PATTON AVENUE,SAN PEDRO,CA,90732-4454
90,916 N SWEETZER AVENUE #4,LOS ANGELES,CA,90069-4376
91,425 KINGSFORD STREET,MONTEREY PARK,CA,91754-2608
92,20224 SHERMAN WAY #25,WINNETKA,CA,91306-3225
93,9622 BEACH STREET,LOS ANGELES,CA,90002-2433
94,15720 VENTURA BLVD #512,ENCINO,CA,91436-4720
95,6930 VANALDEN AVENUE,RESEDA,CA,91335-3931
96,14933 ALVA DRIVE,PACIFIC PALISADES,CA,90272-4402
97,1038 N LEMON STREET,ORANGE,CA,92867-5607
98,4194 W 120TH STREET,HAWTHORNE,CA,90250-3148
99,721 GARLAND AVENUE,LOS ANGELES,CA,90017-4411
100,4818 CLEON AVENUE,N HOLLYWOOD,CA,91601-4645
101,130 S GARDNER STREET,LOS ANGELES,CA,90036-2718
102,1419 N POINSETTIA PLACE #304,LOS ANGELES,CA,90046-7801
103,14549 RYAN STREET,SYLMAR,CA,91342-2818
104,4073 W PICO BLVD,LOS ANGELES,CA,90019-4308
105,6656 KLUMP AVENUE,N HOLLYWOOD,CA,91606-1963
106,22220 HORIZON PLACE,CHATSWORTH,CA,91311-1266
107,1425 SANTA FE AVENUE,LONG BEACH,CA,90813-1236
108,15303 VENTURA BLVD SUITE #1100,SHERMAN OAKS,CA,91403-6621
109,11330 JELLICO AVENUE,GRANADA HILLS,CA,91344-3303
110,333 S HOPE STREET #2660,LOS ANGELES,CA,90071-3035
111,1154 S WILTON PLACE,LOS ANGELES,CA,90019-3540
112,13015 W WASHINGTON BLVD,LOS ANGELES,CA,90066-5123
113,2416 W VERNON AVENUE,LOS ANGELES,CA,90008-4040
114,4972 W PICO BLVD SUITE #201,LOS ANGELES,CA,90019-4200
115,4735 BEVERLY BLVD,LOS ANGELES,CA,90004-3144
116,11411 CUMPSTON STREET #204,N HOLLYWOOD,CA,91601-2674
117,6710 TUJUNGA AVENUE,N HOLLYWOOD,CA,91606-1934
118,6662 TUJUNGA AVENUE,N HOLLYWOOD,CA,91606-1854
119,6640 TUJUNGA AVENUE,N HOLLYWOOD,CA,91606-1806
120,6632 TUJUNGA AVENUE,N HOLLYWOOD,CA,91606-1835
121,6643 BAKMAN AVENUE,N HOLLYWOOD,CA,91606-1801
122,6647 BAKMAN AVENUE,N HOLLYWOOD,CA,91606-1827
123,6607 BAKMAN AVENUE,N HOLLYWOOD,CA,91606-1833
124,6650 BAKMAN AVENUE,N HOLLYWOOD,CA,91606-1863
125,6205 RANDOLPH STREET #A,COMMERCE,CA,90040-3514
126,6655 ELMER AVENUE,N HOLLYWOOD,CA,91606-1809
127,2728 S HOBART BLVD,LOS ANGELES,CA,90018-3533
128,6637 ELMER AVENUE,N HOLLYWOOD,CA,91606-1803
129,6724 ELMER AVENUE,N HOLLYWOOD,CA,91606-1940
130,6650 ELMER AVENUE,N HOLLYWOOD,CA,91606-1845
131,6634 ELMER AVENUE,N HOLLYWOOD,CA,91606-1841
132,11243 GLENOAKS BLVD #9,PACOIMA,CA,91331-7346
133,3301 BEVERLY BLVD,LOS ANGELES,CA,90004-6003
134,2037 LINCOLN PARK AVENUE,LOS ANGELES,CA,90031-2792
135,695 S VERMONT AVENUE #503,LOS ANGELES,CA,90005-1349
136,2300 S FLOWER STREET #303,LOS ANGELES,CA,90007-2677
137,2115 N WILMINGTON AVENUE,COMPTON,CA,90222-2030
138,4112 E OLYMPIC BLVD,LOS ANGELES,CA,90023-3313
139,2120 2ND AVENUE,LOS ANGELES,CA,90018-1256
140,1809 S VAN NESS AVENUE,LOS ANGELES,CA,90019-6257
141,7615 HOLLYWOOD BLVD,LOS ANGELES,CA,90046-2709
142,4454 VAN NUYS BLVD,SHERMAN OAKS,CA,91403-2912
143,903 N HOBART BLVD,LOS ANGELES,CA,90029-3255
144,926 S GRANDEE AVENUE,COMPTON,CA,90220-4263
145,625 W VERNON AVENUE #1 4,LOS ANGELES,CA,90037-2611
146,7216 S HOOVER STREET #A D,LOS ANGELES,CA,90044-6162
147,1317 W 39TH STREET,LOS ANGELES,CA,90062-1244
148,10213 S MAIN STREET #A C,LOS ANGELES,CA,90003-4621
149,805 E 47TH STREET,LOS ANGELES,CA,90011-5426
150,2000 IVAR AVENUE,LOS ANGELES,CA,90068-3960
151,1935 S LA SALLE AVENUE,LOS ANGELES,CA,90018-1663
152,7020 TREASURE TRAIL,LOS ANGELES,CA,90068-1840
153,8383 WILSHIRE BLVD #450,BEVERLY HILLS,CA,90211-2424
154,2700 SAN MARINO STREET #309,LOS ANGELES,CA,90006-1838
155,2600 MISSION STREET SUITE #206,SAN MARINO,CA,91108-1676
156,3051 W PICO BLVD,LOS ANGELES,CA,90006-3803
157,1031 S BROADWAY #934,LOS ANGELES,CA,90015-4015
158,13561 DESMOND STREET,PACOIMA,CA,91331-2316
159,6723 BANDA AVENUE,PARAMOUNT,CA,90723-3738
160,5446 CLEON AVENUE,N HOLLYWOOD,CA,91601-2833
161,8336   TUNNEY AVENUE,NORTHRIDGE,CA,91324-4261
162,5901 OAKDALE AVENUE,WOODLAND HILLS,CA,91367-5619
163,4556 VISTA DEL MONTE AVENUE,SHERMAN OAKS,CA,91403-2929
164,7105 COSTELLO AVENUE,VAN NUYS,CA,91405-3308
165,533 IRVING DRIVE,BURBANK,CA,91504-2410
166,1905 VICTORY BLVD #10,GLENDALE,CA,91201-4031
167,9218 NATICK AVENUE,NORTH HILLS,CA,91343-3422
168,15760 VENTURA BLVD #1900,ENCINO,CA,91436-
169,12611 ROSY CIRCLE,LOS ANGELES,CA,90066-6928
170,4825 ADELE COURT,WOODLAND HILLS,CA,91364-4703
171,938 CHUNG KING ROAD,LOS ANGELES,CA,90012-1711
172,10474 SANTA MONICA BLVD #400,LOS ANGELES,CA,90025-6932
173,8721 SANTA MONICA BLVD #710,LOS ANGELES,CA,90069-4507
174,1801 MICHELTORENA STREET,LOS ANGELES,CA,90026-1129
175,1632 N LAUREL AVENUE #105,LOS ANGELES,CA,90046-2538
176,16311 VENTURA BLVD #880,ENCINO,CA,91436-4335
177,15915 VENTURA BLVD #100,ENCINO,CA,91436-2738
178,815 HOLLY OAK PLACE,MONTEREY PARK,CA,91755-5713
179,635 CREST VISTA DRIVE,MONTEREY PARK,CA,91754-3757
180,6052 GOLDEN WEST AVENUE,TEMPLE CITY,CA,91780-1718
181,10444 INDEPENDENCE AVENUE,CHATSWORTH,CA,91311-2336
182,11100 HORTENSE STREET,N HOLLYWOOD,CA,91602-1720
183,830 LORING AVENUE,CROCKETT,CA,94525-1104
184,544   N AVALON BLVD,WILMINGTON,CA,90744-5806
185,11611 SAN VICENTE BLVD #820,LOS ANGELES,CA,90049-6508
186,930 WHITE KNOLL DRIVE #1,LOS ANGELES,CA,90012-1375
187,333 S ALAMEDA STREET SPACE #100,LOS ANGELES,CA,90013-1381
188,402 E M STREET,WILMINGTON,CA,90744-2611
189,2093 BALMER DRIVE,LOS ANGELES,CA,90039-3047
190,1743 FLORADALE AVENUE,S EL MONTE,CA,91733-3405
191,231 W VERNON AVENUE #102,LOS ANGELES,CA,90037-2778
192,1629 TALMADGE STREET,LOS ANGELES,CA,90027-4555
193,3643 S 7TH STREET,PHOENIX,CA,85040-1130
194,1355 E 114TH STREET #906,LOS ANGELES,CA,90059-1700
195,13501 WINGO STREET,ARLETA,CA,91331-5636
196,6550 CAMELLIA AVENUE,NORTH HOLLYWOOD,CA,91606-2613
197,1713 E VERNON AVENUE #106,LOS ANGELES,CA,90058-1729
198,310 N HOOVER STREET,LOS ANGELES,CA,90004-3614
199,7524 S WESTERN AVENUE,LOS ANGELES,CA,90047-2429
200,885 CONGRESSIONAL ROAD,SIMI VALLEY,CA,93065-6617
201,1625 SCHRADER BLVD,LOS ANGELES,CA,90028-6213
202,7630 POMELO DRIVE,WEST HILLS,CA,91304-5351
203,3635 ARTESIA BLVD #125,TORRANCE,CA,90504-3374
204,8929 HOLLY PLACE,LOS ANGELES,CA,90046-1835
205,18137 ROSITA STREET,TARZANA,CA,91356-4625
206,1572 W 49TH STREET,LOS ANGELES,CA,90062-2410
207,8902 WOODMAN AVENUE,ARLETA,CA,91331-6401
208,1316 N BUENA VISTA STREET APARTMENT #A,BURBANK,CA,91505-1929
209,2460 ANSELMO DRIVE,CORONA,CA,92879-8089
210,21334 MULHOLLAND DRIVE,WOODLAND HILLS,CA,91364-5934
211,13351 CUMPSTON STREET,SHERMAN OAKS,CA,91401-5350
212,7327 MELROSE AVENUE,LOS ANGELES,CA,90046-7512
213,18925 VOSE STREET,RESEDA,CA,91335-3934
214,14650 PARTHENIA STREET #C6,PANORAMA CITY,CA,91402-
215,2975 WILSHIRE BLVD #550,LOS ANGELES,CA,90010-1163
216,7300 MEDICAL CENTER DRIVE,WEST HILLS,CA,91307-1902
217,4010 LOS FELIZ BLVD,LOS ANGELES,CA,90027-2359
218,6552   BUFFALO AVENUE,VAN NUYS,CA,91401-1703
219,3161 E 12TH STREET,LOS ANGELES,CA,90023-3615
220,3008 TYBURN STREET,LOS ANGELES,CA,90039-2158
221,13240 CHANDLER BLVD,SHERMAN OAKS,CA,91401-6018
222,17522 BLACKHAWK STREET,GRANADA HILLS,CA,91344-6038
223,12401 DEBBY STREET,N HOLLYWOOD,CA,91606-3106
224,1457 FRANKLIN STREET,SANTA MONICA,CA,90404-2610
225,11944 VALERIO STREET,N HOLLYWOOD,CA,91605-3734
226,9739 PALI AVENUE,TUJUNGA,CA,91042-2936
227,6200 MARYLAND DRIVE,LOS ANGELES,CA,90048-4738
228,9225 CEDROS AVENUE #B,PANORAMA CITY,CA,91402-1235
229,7240 CORBIN AVENUE #41,RESEDA,CA,91335-3492
230,2818 HACKETT AVENUE,LONG BEACH,CA,90815-1548
231,12510 SANFORD STREET,LOS ANGELES,CA,90066-6935
232,427 WALL STREET,LOS ANGELES,CA,90013-1516
233,11921 HART STREET #1,NORTH HOLLYWOOD,CA,91605-5780
234,4 TESSENEER DRIVE,HIGHLAND HEIGHTS,CA,41076-9167
235,11747 LA MAIDA STREET,N HOLLYWOOD,CA,91607-3225
236,18201 KINZIE STREET,NORTHRIDGE,CA,91325-1703
237,21027 COHASSET STREET,CANOGA PARK,CA,91303-1422
238,15464 ROXFORD STREET,SYLMAR,CA,91342-1261
239,17150 VOSE STREET,VAN NUYS,CA,91406-3630
240,11661 SAN VICENTE BLVD #500,LOS ANGELES,CA,90049-5113
241,1360 W 6TH STREET,SAN PEDRO,CA,90732-3514
242,7220 WOODMAN AVENUE UNIT #104,VAN NUYS,CA,91405-2665
243,2231 E 2ND STREET,LONG BEACH,CA,90803-5120
244,10307 MISSOURI AVENUE #102,LOS ANGELES,CA,90025-6968
245,1000 W 190TH STREET,TORRANCE,CA,90502-1040
246,5030 GAYHURST AVENUE,BALDWIN PARK,CA,91706-1812
247,611 E COLORADO STREET,GLENDALE,CA,91205-1709
248,23618 DUNSMORE LANE,VALENCIA,CA,91354-2409
249,12740 SAN FERNANDO ROAD,SYLMAR,CA,91342-3728
250,12224 VENTURA BLVD,STUDIO CITY,CA,91604-2518
251,18545 CANTARA STREET,RESEDA,CA,91335-1228
252,2950 TILDEN AVENUE,LOS ANGELES,CA,90064-4014
253,2065 S LA CIENEGA BLVD,LOS ANGELES,CA,90034-1607
254,10201 VENICE BLVD,LOS ANGELES,CA,90034-5902
255,13355 BURTON STREET,PANORAMA CITY,CA,91402-5503
256,404 S BIXEL STREET,LOS ANGELES,CA,90017-1420
257,6320 CANOGA AVENUE UNIT #1400,WOODLAND HILLS,CA,91367-2562
258,29984 WINDWARD DRIVE,CANYON LAKE,CA,92587-7481
259,1451 SANTA FE AVENUE,LONG BEACH,CA,90813-1249
260,15445 VENTURA BLVD #163,SHERMAN OAKS,CA,91403-3005
261,8629 GARVEY AVENUE #11,ROSEMEAD,CA,91770-3277
262,515 S IRVING BLVD,LOS ANGELES,CA,90020-4721
263,17528 LANARK STREET,NORTHRIDGE,CA,91325-4318
264,1200   WILSHIRE BLVD #208,LOS ANGELES,CA,90017-1931
265,4202 TUJUNGA AVENUE,STUDIO CITY,CA,91604-2980
266,6703 BOTHWELL ROAD,RESEDA,CA,91335-4932
267,3025 W VALLEY BLVD,ALHAMBRA,CA,91803-1859
268,9024 BURNET AVENUE #119,NORTH HILLS,CA,91343-7021
269,16945 SAN FERNANDO MISSION BLVD,GRANADA HILLS,CA,91344-4250
270,12870 FOOTHILL BLVD,SYLMAR,CA,91342-5330
271,15355 NARANJA AVENUE,PARAMOUNT,CA,90723-4515
272,13551 1/4 VENTURA BLVD,SHERMAN OAKS,CA,91423-3895
273,4810 HERMANO DRIVE,TARZANA,CA,91356-4518
274,18225 FRIAR STREET,TARZANA,CA,91335-7034
275,2656 GRIFFITH PARK BLVD,LOS ANGELES,CA,90039-2520
276,2519 7TH STREET #A,SANTA MONICA,CA,90405-3807
277,15555 COLLINA STRADA,LOS ANGELES,CA,90077-1513
278,1531 COLORADO AVENUE,SANTA MONICA,CA,90404-3316
279,634 TREE TOP LANE,THOUSAND OAKS,CA,91360-2456
280,10112 HOLLOW GLEN CIRCLE,LOS ANGELES,CA,90077-2112
281,26752   OAK AVENUE UNIT #H,CANYON COUNTRY,CA,91351-6615
282,3561 FRANCES AVENUE,LOS ANGELES,CA,90066-2702
283,19456 VENTURA BLVD,TARZANA,CA,91356-3091
284,526 E 6TH STREET,LOS ANGELES,CA,90021-1010
285,6721 MELROSE AVENUE,LOS ANGELES,CA,90038-3411
286,3175 W 6TH STREET #110,LOS ANGELES,CA,90020-1708
287,12736 JOLETTE AVENUE,GRANADA HILLS,CA,91344-1429
288,6201 FRANKLIN AVENUE,LOS ANGELES,CA,90028-5201
289,13167 ORTLEY PLACE,VAN NUYS,CA,91401-1329
290,1344 HAUSER BLVD,LOS ANGELES,CA,90019-2521
291,19001 VENTURA BLVD,TARZANA,CA,91356-3213
292,4316 BLUEBELL AVENUE,STUDIO CITY,CA,91604-1538
293,10225 WYSTONE AVENUE,NORTHRIDGE,CA,91324-1250
294,1322 N VISTA STREET APARTMENT #4,LOS ANGELES,CA,90046-4823
295,506 N LUCERNE BLVD,LOS ANGELES,CA,90004-1205
296,5214 EL RIO AVENUE,LOS ANGELES,CA,90041-1121
297,4587 S CENTINELA AVENUE,LOS ANGELES,CA,90066-6248
298,10417 OKLAHOMA AVENUE,CHATSWORTH,CA,91311-2450
299,1856 ARVIN DRIVE,GLENDALE,CA,91208-2706
300,800 N BROADWAY #G,LOS ANGELES,CA,90012-2379
301,216 E 4TH STREET #27,LOS ANGELES,CA,90013-1404
302,1162 E MENDOCINO STREET,ALTADENA,CA,91001-2570
303,8635 W 3RD STREET #890,LOS ANGELES,CA,90048-6117
304,5106 4TH AVENUE,LOS ANGELES,CA,90043-1931
305,2314 S HALM AVENUE,LOS ANGELES,CA,90034-2018
306,2333 DONELLA CIRCLE,LOS ANGELES,CA,90077-1801
307,519 S BONNIE BEACH PLACE,LOS ANGELES,CA,90063-1508
308,2070 NAVAJO TRAIL,LAFAYETTE,CA,80026-3428
309,23648 BALMORAL LANE,WEST HILLS,CA,91307-1307
310,710 E 9TH PLACE,LOS ANGELES,CA,90021-2004
311,11107 WYANDOTTE STREET,SUN VALLEY,CA,91352-5059
312,17725 VANOWEN STREET,RESEDA,CA,91335-5602
313,870 CRENSHAW BLVD #101,LOS ANGELES,CA,90005-5202
314,10408 HEBRON LANE,LOS ANGELES,CA,90077-2720
315,2156 COLORADO BLVD,LOS ANGELES,CA,90041-1242
316,3711 LONG BEACH BLVD #1002,LONG BEACH,CA,90807-3326
317,8636 W 3RD STREET,LOS ANGELES,CA,90048-3323
318,4241 TIVOLI AVENUE,LOS ANGELES,CA,90066-5613
319,1025 N TODD AVENUE,AZUSA,CA,91702-1602
320,3190 AIRPORT LOOP DRIVE #G,COSTA MESA,CA,92626-3403
321,1311 W ANAHEIM STREET,WILMINGTON,CA,90744-4109
322,2500 VIA CABRILLO MARINA #200A3,SAN PEDRO,CA,90731-7224
323,3365 UNION PACIFIC AVENUE,LOS ANGELES,CA,90023-3812
324,10573 W PICO BLVD #304,LOS ANGELES,CA,90064-2333
325,3101 S HILL STREET,LOS ANGELES,CA,90007-3818
326,2288 WESTWOOD BLVD,LOS ANGELES,CA,90064-2000
327,4870 W 135TH STREET,HAWTHORNE,CA,90250-5624
328,521 N MARQUETTE STREET,PACIFIC PALISADES,CA,90272-3315
329,5222 LOCKHAVEN AVENUE,LOS ANGELES,CA,90041-1031
330,454 N GARDNER STREET,LOS ANGELES,CA,90036-5734
331,4334 BEVERLY BLVD,LOS ANGELES,CA,90004-4444
332,2860 WALNUT AVENUE,SIGNAL HILL,CA,90755-1834
333,1206 LOMITA BLVD UNIT #7,HARBOR CITY,CA,90710-2133
334,11438 RUFFNER AVENUE,GRANADA HILLS,CA,91344-3642
335,4415 BECK LANE,RINGWOOD,CA,60072-9688
336,11637 SHERMAN WAY,N HOLLYWOOD,CA,91605-5833
337,2701 N MAIN STREET,LOS ANGELES,CA,90031-3320
338,12225   HESBY STREET,VALLEY VILLAGE,CA,91607-3027
339,10436 SANTA MONICA BLVD #3030,LOS ANGELES,CA,90025-5079
340,8181 COMMONWEALTH AVENUE,BUENA PARK,CA,90621-2521
341,3731 STOCKER STREET #110,LOS ANGELES,CA,90008-5147
342,1530 N DETROIT STREET,LOS ANGELES,CA,90046-3286
343,3250 WILSHIRE BLVD #1705,LOS ANGELES,CA,90010-1607
344,7470   MELROSE AVENUE,LOS ANGELES,CA,90046-7524
345,332 N BRONSON AVENUE,LOS ANGELES,CA,90004-1502
346,10110 AMESTOY AVENUE,NORTHRIDGE,CA,91325-1607
347,9757 1/2 GLENOAKS BLVD,SUN VALLEY,CA,91352-1013
348,12128 MITCHELL AVENUE,LOS ANGELES,CA,90066-4513
349,9858 BALBOA BLVD,NORTHRIDGE,CA,91325-1904
350,3131 CASITAS AVENUE,LOS ANGELES,CA,90039-2410
351,34231 CAMINO CAPISTRANO,CAPISTRANO BEACH,CA,92624-1156
352,7407 MCCOOL AVENUE,LOS ANGELES,CA,90045-1233
353,8908 S SAN PEDRO STREET,LOS ANGELES,CA,90003-3821
354,13115 TELFAIR AVENUE,SYLMAR,CA,91342-3574
355,5742 4TH AVENUE,LOS ANGELES,CA,90043-2634
356,1034 AVENUE A,REDONDO BEACH,CA,90277-4818
357,508 W 160TH STREET,GARDENA,CA,90248-2416
358,1056 N LAKE STREET,BURBANK,CA,91502-1624
359,1152 W 21ST STREET,SAN PEDRO,CA,90731-4923
360,1343 W 35TH STREET,LOS ANGELES,CA,90007-3411
361,12011 SAN VICENTE BLVD #702,LOS ANGELES,CA,90049-4949
362,2014 W 81ST STREET,LOS ANGELES,CA,90047-2614
363,3250 W OLYMPIC BLVD #101,LOS ANGELES,CA,90006-2368
364,3708 CORINTH AVENUE,LOS ANGELES,CA,90066-3438
365,9560 W PICO BLVD,LOS ANGELES,CA,90035-1214
366,13931 BRANTON PLACE,SHERMAN OAKS,CA,91423-1203
367,2314 GLENDALE BLVD,LOS ANGELES,CA,90039-3253
368,1232 N VIRGIL AVENUE,LOS ANGELES,CA,90029-2018
369,1619 W GARVEY AVENUE N #202,WEST COVINA,CA,91790-2147
370,1800 S FLOWER STREET,LOS ANGELES,CA,90015-3424
371,18840 NORDHOFF STREET,NORTHRIDGE,CA,91324-3811
372,660 N FORBES AVENUE,MONTEBELLO,CA,90640-
373,717 DANFORTH DRIVE,LOS ANGELES,CA,90065-3347
374,5001 E 61ST STREET,MAYWOOD,CA,90270-3405
375,1446 S UNION AVENUE,LOS ANGELES,CA,90015-3206
376,14808 VALERIO STREET,VAN NUYS,CA,91405-1819
377,2734 COUNCIL STREET,LOS ANGELES,CA,90026-4754
378,23809 SYLVAN STREET,WOODLAND HILLS,CA,91367-1245
379,8419 S VERMONT AVENUE,LOS ANGELES,CA,90044-3423
380,2205 5TH AVENUE,LOS ANGELES,CA,90018-1120
381,3443 FEDERAL AVENUE,LOS ANGELES,CA,90066-2032
382,4411 DON TOMASO DRIVE #1,LOS ANGELES,CA,90008-5506
383,1702 IDAHO AVENUE #3,SANTA MONICA,CA,90403-6805
384,6106 W 75TH PLACE,LOS ANGELES,CA,90045-1634
385,5216 S VERMONT AVENUE,LOS ANGELES,CA,90037-3528
386,1432 W 25TH STREET,SAN PEDRO,CA,90732-4418
387,11613 AMESTOY AVENUE,GRANADA HILLS,CA,91344-2527
388,2000 CANAL AVENUE,LONG BEACH,CA,90810-4060
389,441 W OLIVE STREET,INGLEWOOD,CA,90301-2217
390,3623 W 60TH STREET,LOS ANGELES,CA,90043-2905
391,11800 ALLASEBA DRIVE,LOS ANGELES,CA,90066-
392,2662 CARMAR DRIVE,LOS ANGELES,CA,90046-1007
393,924 W 17TH STREET,LOS ANGELES,CA,90015-3318
394,16962 GEORGETTE PLACE,GRANADA HILLS,CA,91344-1712
395,2001 S BARRINGTON AVENUE #220,LOS ANGELES,CA,90025-5385
396,3006 E 1ST STREET,LOS ANGELES,CA,90063-2807
397,9138 LA SALLE AVENUE,LOS ANGELES,CA,90047-3608
398,815 CALLE PENSAMIENTO,THOUSAND OAKS,CA,91360-4841
399,2651 E THOMPSON STREET,LONG BEACH,CA,90805-1837
400,3740 MOORE STREET,LOS ANGELES,CA,90066-3530
401,707 WILSHIRE BLVD #5700,LOS ANGELES,CA,90017-3543
402,5008 PICKFORD WAY,CULVER CITY,CA,90230-4916
403,1128 N LA BREA AVENUE,INGLEWOOD,CA,90302-1213
404,3586 TACOMA AVENUE,LOS ANGELES,CA,90065-1727
405,910 N MARTEL AVENUE #304,LOS ANGELES,CA,90046-6655
406,19248 ROSCOE BLVD,NORTHRIDGE,CA,91324-4239
407,1 LILLY CORPORATE CENTER,INDIANAPOLIS,CA,46285-3669
408,8367 BLACKBURN AVENUE #11,LOS ANGELES,CA,90048-4244
409,1041 W 105TH STREET,LOS ANGELES,CA,90044-3017
410,4147 VERDUGO ROAD,LOS ANGELES,CA,90065-3820
411,16047 HAYNES STREET,VAN NUYS,CA,91406-6480
412,9880 MERCEDES AVENUE,ARLETA,CA,91331-5223
413,18232 CLARK STREET,TARZANA,CA,91356-3602
414,7523 BOVEY AVENUE,RESEDA,CA,91335-2480
415,22031 RUNNYMEDE STREET,CANOGA PARK,CA,91303-1111
416,7636 YANKEY STREET,DOWNEY,CA,90242-2238
417,1127 WILSHIRE BLVD #1410,LOS ANGELES,CA,90017-4005
418,1945 N BERENDO STREET,LOS ANGELES,CA,90027-1801
419,8405 PERSHING DRIVE #301,PLAYA DEL REY,CA,90293-7861
420,5225 S CENTRAL AVENUE,LOS ANGELES,CA,90011-4715
421,6363 WILSHIRE BLVD #100,LOS ANGELES,CA,90048-5726
422,18220   SAINT ANDREWS PLACE,TORRANCE,CA,90504-5440
423,836 W CHERRY STREET,COMPTON,CA,90222-3802
424,12462 FALLCREEK LANE,CERRITOS,CA,90703-2075
425,1206 PACIFIC COAST HIGHWAY,HARBOR CITY,CA,90710-2932
426,12272 MONARCH STREET,GARDEN GROVE,CA,92841-2907
427,615 S PACIFIC AVENUE,SAN PEDRO,CA,90731-2629
428,604 W PACIFIC COAST HIGHWAY,WILMINGTON,CA,90744-2546
429,122 N WETHERLY DRIVE APARTMENT #8,LOS ANGELES,CA,90048-2807
430,125 S WESTERN AVENUE,LOS ANGELES,CA,90004-4101
431,4144 N CENTRAL EXPRESSWAY #260,DALLAS,CA,75204-3100
432,516 W AVENUE 37,LOS ANGELES,CA,90065-2504
433,7607 ALONDRA BLVD,PARAMOUNT,CA,90723-4101
434,7044 SEPULVEDA BLVD,VAN NUYS,CA,91405-2926
435,23907 HAMLIN STREET,WEST HILLS,CA,91307-3124
436,10329 PLAINVIEW AVENUE,TUJUNGA,CA,91042-1713
437,1611 CERRO GORDO STREET,LOS ANGELES,CA,90026-2031
438,7336 CLAIRE AVENUE,RESEDA,CA,91335-2538
439,5289 LAKEVIEW CANYON ROAD,WESTLAKE VILLAGE,CA,91362-5214
440,1213 S WINDSOR BLVD,LOS ANGELES,CA,90019-3160
441,2462 PURDUE AVENUE,LOS ANGELES,CA,90064-5126
442,1824 S BARRINGTON AVENUE,LOS ANGELES,CA,90025-5389
443,2875 POMONA BLVD #A,POMONA,CA,91768-3281
444,4356 LEMP AVENUE,STUDIO CITY,CA,91604-2707
445,17150 SEPTO STREET,NORTHRIDGE,CA,91325-1672
446,5816 YORK BLVD,LOS ANGELES,CA,90042-2635
447,4611 CRENSHAW BLVD,LOS ANGELES,CA,90043-1288
448,152 W PICO BLVD,LOS ANGELES,CA,90015-2428
449,14251 BURTON STREET,PANORAMA CITY,CA,91402-4264
450,2550 BEVERLY BLVD #2FL,LOS ANGELES,CA,90057-1036
451,3470 E 1ST STREET,LOS ANGELES,CA,90063-2946
452,17031 ENCINO HILLS DRIVE,ENCINO,CA,91436-4009
453,28608 S MONTEREINA DRIVE,RANCHO PALOS VERDES,CA,90275-0840
454,2220 GASPAR AVENUE,LOS ANGELES,CA,90040-1516
455,20640 COVELLO STREET,WINNETKA,CA,91306-2744
456,1031 W 61ST STREET,LOS ANGELES,CA,90044-3727
457,3646 E OLYMPIC BLVD,LOS ANGELES,CA,90023-3129
458,301 N LAKE AVENUE #7FL,PASADENA,CA,91101-5118
459,1125 S BEVERLY DRIVE #100,LOS ANGELES,CA,90035-1149
460,11645 WILSHIRE BLVD #600,LOS ANGELES,CA,90025-6807
461,5636 ALDAMA STREET,LOS ANGELES,CA,90042-2539
462,921 GRAMERCY DRIVE #11,LOS ANGELES,CA,90019-
463,20481 VIA PALO PINTO,MURRIETA,CA,92562-9135
464,1735 N GRAMERCY PLACE #211,LOS ANGELES,CA,90028-5846
465,1404 PACIFIC COAST HIGHWAY,HARBOR CITY,CA,90710-2740
466,16534 LAS CASAS PLACE,PACIFIC PALISADES,CA,90272-2342
467,11514 SANTA MONICA BLVD,LOS ANGELES,CA,90025-3008
468,12614 MEADOWLARK AVENUE,GRANADA HILLS,CA,91344-1530
469,1055 HARTZELL STREET,PACIFIC PALISADES,CA,90272-3821
470,22635 FLAMINGO STREET,WOODLAND HILLS,CA,91364-4919
471,1823 SAWTELLE BLVD,LOS ANGELES,CA,90025-5532
472,813 LUCILE AVENUE APARTMENT #1,LOS ANGELES,CA,90026-1589
473,601 S HILL STREET #A1,LOS ANGELES,CA,90014-1715
474,5510 CAHUENGA BLVD,N HOLLYWOOD,CA,91601-2919
475,4203 CHEVY CHASE DRIVE,LOS ANGELES,CA,90039-1274
476,11961 MONTANA AVENUE,LOS ANGELES,CA,90049-5000
477,3910 MARKET STREET #C,VENTURA,CA,93003-8766
478,6166 SAN VICENTE BLVD,LOS ANGELES,CA,90048-
479,2443 VENUS DRIVE,LOS ANGELES,CA,90046-1645
480,23666 BIRTCHER DRIVE #100,LAKE FOREST,CA,92630-1795
481,140 W 84TH PLACE,LOS ANGELES,CA,90003-2820
482,24303 WOOLSEY CANYON ROAD #141,WEST HILLS,CA,91304-1106
483,115 W 25TH STREET,LOS ANGELES,CA,90007-2711
484,630 SINALOA ROAD,SIMI VALLEY,CA,93065-5435
485,1407 BOYD STREET,LOS ANGELES,CA,90033-3714
486,2012 S BUDLONG AVENUE,LOS ANGELES,CA,90007-1110
487,24121 WELBY WAY,WEST HILLS,CA,91307-2910
488,1540 248TH STREET,HARBOR CITY,CA,90710-2008
489,5410 VENICE BLVD,LOS ANGELES,CA,90019-5151
490,3130 AIRWAY AVENUE,COSTA MESA,CA,92626-4610
491,4708 LANKERSHIM BLVD,N HOLLYWOOD,CA,91602-1804
492,9731 QUARTZ AVENUE,CHATSWORTH,CA,91311-5639
493,3306 GLENDALE BLVD,LOS ANGELES,CA,90039-1851
494,330 PFINGSTEN ROAD,NORTHBROOK,CA,60062-2003
495,6050 W JEFFERSON BLVD,LOS ANGELES,CA,90016-4308
496,1201 N CABRILLO AVENUE,SAN PEDRO,CA,90731-1317
497,7701 MINSTREL AVENUE,CANOGA PARK,CA,91304-4525
498,10989 BARTEE AVENUE,MISSION HILLS,CA,91345-1808
499,2162 HOLLYRIDGE DRIVE,LOS ANGELES,CA,90068-3515
500,11600 OXNARD STREET,N HOLLYWOOD,CA,91601-
501,23356 HAMLIN STREET,WEST HILLS,CA,91307-3315
502,306 MARKET STREET,VENICE,CA,90291-3722
503,16434 CALAHAN STREET,NORTH HILLS,CA,91343-3702
504,2001 S BARRINGTON AVENUE #306,LOS ANGELES,CA,90025-5379
505,345 S CLOVERDALE AVENUE #204,LOS ANGELES,CA,90036-3409
506,555 S WESTERN AVENUE #205,LOS ANGELES,CA,90020-4270
507,7457 WOODMAN AVENUE,VAN NUYS,CA,91405-1540
508,151   W GAGE AVENUE,LOS ANGELES,CA,90003-1434
509,12655 VENTURA BLVD,STUDIO CITY,CA,91604-2415
510,22606 SYLVAN STREET,WOODLAND HILLS,CA,91367-1735
511,2001 ECHO PARK AVENUE,LOS ANGELES,CA,90026-1973
512,135 N GRAND AVENUE,LOS ANGELES,CA,90012-3013
513,4760 SEPULVEDA BLVD,CULVER CITY,CA,90230-4820
514,12820 COLLINS STREET,VALLEY VILLAGE,CA,91607-1407
515,726 E ANAHEIM STREET,WILMINGTON,CA,90744-
516,16 VOYAGE STREET,MARINA DEL REY,CA,90292-7127
517,279 1/2 E 43RD PLACE,LOS ANGELES,CA,90011-3471
518,14742 GILMORE STREET,VAN NUYS,CA,91411-1507
519,2145 RIDGEVIEW AVENUE,LOS ANGELES,CA,90041-3020
520,4826 SANCOLA AVENUE,NORTH HOLLYWOOD,CA,91601-4836
521,2446 ALDER STREET,POMONA,CA,91766-
522,22201 VENTURA BLVD #208,WOODLAND HILLS,CA,91364-1510
523,5000 W WASHINGTON BLVD,LOS ANGELES,CA,90016-1418
524,2301 W JEFFERSON BLVD,LOS ANGELES,CA,90018-3746
525,2015 E 1ST STREET,LOS ANGELES,CA,90033-3915
526,50 N HILL AVENUE #306,PASADENA,CA,91106-1949
527,5070 S SLAUSON AVENUE,CULVER CITY,CA,90230-5609
528,10300 COMPTON AVENUE,LOS ANGELES,CA,90002-3628
529,6017 PAT AVENUE,WOODLAND HILLS,CA,91367-1060
530,396 S LOS ANGELES STREET,LOS ANGELES,CA,90013-1429
531,540 HAWAII AVENUE,TORRANCE,CA,90503-5148
532,2417 RIVERSIDE DRIVE,LOS ANGELES,CA,90039-4023
533,6927 VISTA DEL MAR,PLAYA DEL REY,CA,90293-7618
534,600 MOULTON AVENUE #403,LOS ANGELES,CA,90031-2983
535,6434 PAT AVENUE,WEST HILLS,CA,91307-2740
536,4427 AVALON BLVD,LOS ANGELES,CA,90011-5626
537,3655 MCLAUGHLIN AVENUE,LOS ANGELES,CA,90066-3350
538,4265 NOGALES DRIVE,TARZANA,CA,91356-5115
539,321 S RAMPART BLVD #8,LOS ANGELES,CA,90057-4710
540,15260 VENTURA BLVD #1040,SHERMAN OAKS,CA,91403-5345
541,868 MORAGA DRIVE,LOS ANGELES,CA,90049-1632
542,802 EL ORO LANE,PACIFIC PALISADES,CA,90272-2813
543,9545 WENTWORTH STREET,SUNLAND,CA,91040-1626
544,16411 W SUNSET BLVD,PACIFIC PALISADES,CA,90272-3321
545,10422 WEDDINGTON STREET,N HOLLYWOOD,CA,91601-3529
546,12200 SYLVAN STREET #145,N HOLLYWOOD,CA,91606-3229
547,7725 OAK PARK AVENUE,VAN NUYS,CA,91406-2122
548,4210 SCOTT DRIVE,SIMI VALLEY,CA,93063-1084
549,6180 LAUREL CANYON BLVD #325,NORTH HOLLYWOOD,CA,91606-3252
550,19340 LONDELIUS STREET,NORTHRIDGE,CA,91324-3509
551,7550 W 80TH STREET,LOS ANGELES,CA,90045-2366
552,1712 PALISADES DRIVE,PACIFIC PALISADES,CA,90272-2112
553,3520 DOVER STREET,LOS ANGELES,CA,90039-1646
554,8431 BARDWELL AVENUE,PANORAMA CITY,CA,91402-3917
555,6566 SAUSALITO AVENUE,WEST HILLS,CA,91307-3718
556,701 S WESTMORELAND AVENUE,LOS ANGELES,CA,90005-1408
557,1801 CENTURY PARKS  E #2400,LOS ANGELES,CA,90067-2326
558,952 S GRETNA GREEN WAY,LOS ANGELES,CA,90049-5874
559,1180 CURRIER AVENUE,SIMI VALLEY,CA,93065-5104
560,4409 W 234TH STREET,TORRANCE,CA,90505-4425
561,2543 WELLESLEY AVENUE,LOS ANGELES,CA,90064-2737
562,8033 ALDEA AVENUE,VAN NUYS,CA,91406-1024
563,1345 W MANCHESTER AVENUE #G,LOS ANGELES,CA,90044-2257
564,8313 FOUNTAIN AVENUE #D,LOS ANGELES,CA,90069-2910
565,4501 S ALAMEDA STREET #E56,LOS ANGELES,CA,90058-2010
566,18908 VENTURA BLVD,TARZANA,CA,91356-3212
567,4540 NATICK AVENUE,SHERMAN OAKS,CA,91403-2728
568,3000 S FIGUEROA STREET,LOS ANGELES,CA,90007-3711
569,2068 DRACENA DRIVE,LOS ANGELES,CA,90027-2605
570,8800 KESTER AVENUE #124,PANORAMA CITY,CA,91402-2198
571,8413 W 3RD STREET,LOS ANGELES,CA,90048-4111
572,11490 BURBANK BLVD #E6,NORTH HOLLYWOOD,CA,91601-2343
573,520 MATEO STREET,LOS ANGELES,CA,90013-2243
574,8033 W SUNSET BLVD #400,WEST HOLLYWOOD,CA,90046-2401
575,13618 LEMAY STREET,VAN NUYS,CA,91401-1114
576,7774 LILAC LANE,SIMI VALLEY,CA,93063-4903
577,1760 HILLHURST AVENUE,LOS ANGELES,CA,90027-4457
578,16837 MAGNOLIA BLVD,ENCINO,CA,91436-1013
579,3957 S HILL STREET,LOS ANGELES,CA,90037-1313
580,3961 BON HOMME ROAD,CALABASAS,CA,91302-5702
581,3140 E PICO BLVD,LOS ANGELES,CA,90023-3604
582,2158 COLORADO BLVD,LOS ANGELES,CA,90041-1242
583,4507 VALLEY BLVD,LOS ANGELES,CA,90032-3781
584,3011 VERDUGO ROAD,LOS ANGELES,CA,90065-2014
585,4811 EAGLE ROCK BLVD,LOS ANGELES,CA,90041-2620
586,3700 N FIGUEROA STREET,LOS ANGELES,CA,90065-2447
587,15851 ROYAL HAVEN PLACE,SHERMAN OAKS,CA,91403-4724
588,1346 OAKHEATH DRIVE,HARBOR CITY,CA,90710-1248
589,607 SKY LINE TRAIL,TOPANGA,CA,90290-3245
590,1222 MCCLELLAN DRIVE #6,LOS ANGELES,CA,90025-1010
591,742 E 12TH STREET,LOS ANGELES,CA,90021-2102
592,9911 W PICO BLVD #1575,LOS ANGELES,CA,90035-2713
593,837 1/2 W GAGE AVENUE,LOS ANGELES,CA,90044-5413
594,12476 SANFORD STREET,LOS ANGELES,CA,90066-6933
595,8040 W 83RD STREET #202,PLAYA DEL REY,CA,90293-7953
596,1070 W 61ST STREET,LOS ANGELES,CA,90044-3728
597,3445 W 76TH STREET,LOS ANGELES,CA,90043-4901
598,2015 W 6TH STREET,LOS ANGELES,CA,90057-3165
599,5331 N FIGUEROA STREET,LOS ANGELES,CA,90042-4003
600,9200 W SUNSET BLVD #600,LOS ANGELES,CA,90069-3196
601,13944 ORANGEVALE AVENUE,CORONA,CA,92880-8961
602,2209 S ANCHOVY AVENUE,SAN PEDRO,CA,90732-4141
603,2625 1/2 SICHEL STREET,LOS ANGELES,CA,90031-2326
604,2829 GLENDOWER AVENUE,LOS ANGELES,CA,90027-1118
605,2430 GUTHRIE DRIVE,LOS ANGELES,CA,90034-1061
606,7015 FRANKLIN AVENUE,LOS ANGELES,CA,90028-8645
607,1600 W SLAUSON AVENUE #I 21,LOS ANGELES,CA,90047-1117
608,1600 W SLAUSON AVENUE #84,LOS ANGELES,CA,90047-1117
609,1500 BRIDGE STREET,LOS ANGELES,CA,90033-1607
610,4545 CREEK ROAD #ML90,CINCINNATI,CA,45242-2803
611,5773 VENICE BLVD,LOS ANGELES,CA,90019-5017
612,5321 HOLLYWOOD BLVD,LOS ANGELES,CA,90027-4910
613,8117 W MANCHESTER AVENUE UNIT #230,PLAYA DEL REY,CA,90293-8745
614,1629 VIRGINIA AVENUE,GLENDALE,CA,91202-1258
615,4614 ELLENITA AVENUE,TARZANA,CA,91356-4932
616,9155 CREBS AVENUE,NORTHRIDGE,CA,91324-2802
617,1818 S HELEN AVENUE,ONTARIO,CA,91762-6023
618,13227 ALBERS PLACE,SHERMAN OAKS,CA,91401-6001
619,13232 RATNER STREET,N HOLLYWOOD,CA,91605-1713
620,18607 VENTURA BLVD #310,TARZANA,CA,91356-4158
621,17915 VENTURA BLVD #206,ENCINO,CA,91316-4803
622,1250 OAKRIDGE DRIVE,GLENDALE,CA,91205-3461
623,26784 W WYATT LANE,STEVENSON RCH,CA,91381-
624,7201 BEVERLY BLVD,LOS ANGELES,CA,90036-2536
625,3345 ROYAL RIDGE ROAD,CHINO HILLS,CA,91709-1421
626,9742 PALI AVENUE,TUJUNGA,CA,91042-2937
627,1919 N BEACHWOOD DRIVE,LOS ANGELES,CA,90068-4006
628,12814 LANDALE STREET,STUDIO CITY,CA,91604-1351
629,11720 MAGNOLIA BLVD,N HOLLYWOOD,CA,91607-4428
630,7458 MELROSE AVENUE,LOS ANGELES,CA,90046-7524
631,7241 POMELO DRIVE,WEST HILLS,CA,91307-1223
632,8931 SEPULVEDA BLVD,NORTH HILLS,CA,91343-4305
633,8509 CRESCENT DRIVE,LOS ANGELES,CA,90046-1804
634,1005 E ANAHEIM STREET,WILMINGTON,CA,90744-3736
635,17591 REGENCY WAY,GRANADA HILLS,CA,91344-1079
636,4612 GLENCOE AVENUE #1,MARINA DEL REY,CA,90292-6355
637,4614 MONARCA DRIVE,TARZANA,CA,91356-4939
638,215 N RENNELL AVENUE,SAN DIMAS,CA,91773-2315
639,22421 BESSEMER STREET,WOODLAND HILLS,CA,91367-3302
640,16830 KINGSBURY STREET #141,GRANADA HILLS,CA,91344-6466
641,1319 N MARINE AVENUE,WILMINGTON,CA,90744-2519
642,10334 WILKINS AVENUE,LOS ANGELES,CA,90024-5352
643,6336 WILSHIRE BLVD,LOS ANGELES,CA,90048-5002
644,2345 KIMRIDGE ROAD,BEVERLY HILLS,CA,90210-1830
645,19020 VANOWEN STREET,RESEDA,CA,91335-5114
646,7013 RESEDA BLVD,RESEDA,CA,91335-4209
647,17119 LISETTE STREET,GRANADA HILLS,CA,91344-1438
648,8324 CANTERBURY AVENUE,SUN VALLEY,CA,91352-3703
649,1081 MORAGA DRIVE,LOS ANGELES,CA,90049-1620
650,5658 COLISEUM STREET,LOS ANGELES,CA,90016-5006
651,5951 FALLBROOK AVENUE,WOODLAND HILLS,CA,91367-3222
652,1257 W VERNON AVENUE,LOS ANGELES,CA,90037-2338
653,413 W MANCHESTER BLVD,INGLEWOOD,CA,90301-1109
654,800 HILGARD AVENUE,LOS ANGELES,CA,90024-3108
655,744 W 9TH STREET,SAN PEDRO,CA,90731-3602
656,16055 WOODVALE ROAD,ENCINO,CA,91436-3446
657,109 S HOOVER STREET,LOS ANGELES,CA,90004-6007
658,812 N FORD STREET,BURBANK,CA,91505-2715
659,10019 BABBITT AVENUE,NORTHRIDGE,CA,91325-1564
660,541 N LARCHMONT BLVD,LOS ANGELES,CA,90004-1305
661,13928 NORDHOFF STREET,ARLETA,CA,91331-6015
662,22720 ENADIA WAY,WEST HILLS,CA,91307-2304
663,18645 BRYMER STREET,NORTHRIDGE,CA,91326-1925
664,1419 PLAZA DEL AMO,TORRANCE,CA,90501-4834
665,4198 MARCASEL AVENUE,LOS ANGELES,CA,90066-4620
666,2539 E 54TH STREET,HUNTINGTON PARK,CA,90255-2508
667,5980 FOUNTAIN AVENUE #7,LOS ANGELES,CA,90028-8400
668,1031 S HILL STREET,LOS ANGELES,CA,90015-1613
669,7229 DEERING AVENUE,CANOGA PARK,CA,91303-1502
670,621 S GRAMERCY PLACE,LOS ANGELES,CA,90005-3231
671,1330 S MARIPOSA AVENUE,LOS ANGELES,CA,90006-4306
672,2203 HILLCREST DRIVE,LOS ANGELES,CA,90016-1715
673,535 S CURSON AVENUE #4D,LOS ANGELES,CA,90036-5294
674,434 W 102ND STREET,LOS ANGELES,CA,90003-4404
675,7910 LINDLEY AVENUE,RESEDA,CA,91335-2121
676,1123 MAYBROOK DRIVE,BEVERLY HILLS,CA,90210-2717
677,511 BROOKS AVENUE,VENICE,CA,90291-3046
678,642 CROCKER STREET,LOS ANGELES,CA,90021-1002
679,4305 DEGNAN BLVD #105,LOS ANGELES,CA,90008-4949
680,110 E 9TH STREET #A 701,LOS ANGELES,CA,90079-1300
681,18644 ROSCOE BLVD,NORTHRIDGE,CA,91324-4747
682,21800 SAN JOSE STREET,CHATSWORTH,CA,91311-2160
683,710 S BROADWAY,LOS ANGELES,CA,90014-2802
684,13274 DRONFIELD AVENUE,SYLMAR,CA,91342-2961
685,1418 W 218TH STREET,TORRANCE,CA,90501-4003
686,17912 TIARA STREET,ENCINO,CA,91316-1020
687,21426 OSBORNE STREET,WEST HILLS,CA,91304-1520
688,3817 SENECA AVENUE,LOS ANGELES,CA,90039-1636
689,246 N IRVING BLVD,LOS ANGELES,CA,90004-3807
690,1629 MICHAEL LANE,PACIFIC PALISADES,CA,90272-2032
691,809 6TH AVENUE,VENICE,CA,90291-3063
692,10735 JUNIPER STREET,LOS ANGELES,CA,90059-1323
693,9809 HANNUM DRIVE,LOS ANGELES,CA,90034-3908
694,12653 OSBORNE STREET,PACOIMA,CA,91331-2104
695,3831   WELLAND AVENUE,LOS ANGELES,CA,90008-1926
696,9458 HANNA AVENUE,CHATSWORTH,CA,91311-5734
697,811 W 7TH STREET #900,LOS ANGELES,CA,90017-3420
698,3052 W 7TH STREET,LOS ANGELES,CA,90005-1490
699,12945 VALLEYHEART DRIVE,STUDIO CITY,CA,91604-1903
700,6004 W PICO BLVD,LOS ANGELES,CA,90035-2625
701,6310 SAN VICENTE BLVD #350,LOS ANGELES,CA,90048-5448
702,506 S GRAND AVENUE,LOS ANGELES,CA,90071-2602
703,8184 GLENCREST DRIVE,SUN VALLEY,CA,91352-3504
704,4805 S SLAUSON AVENUE,LOS ANGELES,CA,90230-5665
705,813 MUSKINGUM AVENUE,PACIFIC PALISADES,CA,90272-2456
706,3416 GARNET STREET,LOS ANGELES,CA,90023-3012
707,22532 ROSCOE BLVD,WEST HILLS,CA,91304-3354
708,1839 N KENWOOD STREET,BURBANK,CA,91505-1418
709,1677 SINALOA AVENUE,PASADENA,CA,91104-1529
710,10508 WOODMAN AVENUE,MISSION HILLS,CA,91345-2135
711,23663 PARK CAPRI #116,CALABASAS,CA,91302-1622
712,10020 VENICE BLVD,CULVER CITY,CA,90232-2720
713,13904 SATICOY STREET,VAN NUYS,CA,91402-6522
714,2943 HILLCREST DRIVE,LOS ANGELES,CA,90016-2907
715,1000 FIGUEROA PLACE,WILMINGTON,CA,90744-
716,4218 BEN AVENUE,STUDIO CITY,CA,91604-2021
717,7927 STEWART AVENUE,LOS ANGELES,CA,90045-1057
718,4678 MIOLAND DRIVE,LOS ANGELES,CA,90043-2011
719,3200 N FIGUEROA STREET,LOS ANGELES,CA,90065-1526
720,303 E PICO BLVD,LOS ANGELES,CA,90015-2509
721,5417 MCKINLEY AVENUE,LOS ANGELES,CA,90011-4643
722,11762 EMERY STREET,EL MONTE,CA,91732-1904
723,11278 PATOM DRIVE,CULVER CITY,CA,90230-5337
724,7300 MEDICAL CENTER DRIVE,WEST HILLS,CA,91307-1902
725,2616 HOOPER AVENUE,LOS ANGELES,CA,90011-1718
726,18321 CLARK STREET,TARZANA,CA,91356-3501
727,10908 ROSCOE BLVD,SUN VALLEY,CA,91352-3359
728,18756 COMMUNITY STREET,NORTHRIDGE,CA,91324-4514
729,15233 VENTURA BLVD #720,SHERMAN OAKS,CA,91403-2238
730,10703 IRONDALE AVENUE,CHATSWORTH,CA,91311-1519
731,19259 ROSCOE BLVD,NORTHRIDGE,CA,91324-4240
732,13691 GAVINA AVENUE #575,SYLMAR,CA,91342-2671
733,7348 DEERING AVENUE #B,CANOGA PARK,CA,91303-3928
734,4535 CATHANN STREET,TORRANCE,CA,90503-6973
735,1715 W 82ND STREET,LOS ANGELES,CA,90047-2738
736,1000 E 60TH STREET,LOS ANGELES,CA,90001-1019
737,22031 CRESPI STREET,WOODLAND HILLS,CA,91364-1620
738,7019 TRASK AVENUE,PLAYA DEL REY,CA,90293-7755
739,5850 CANOGA AVENUE #400,WOODLAND HILLS,CA,91367-6554
740,5134 3RD AVENUE,LOS ANGELES,CA,90043-1939
741,9232 CORD AVENUE,DOWNEY,CA,90240-3026
742,3250 W OLYMPIC BLVD #210,LOS ANGELES,CA,90006-2369
743,861 N SPRING STREET #108,LOS ANGELES,CA,90012-5810
744,7527 AGNEW AVENUE,WESTCHESTER,CA,90045-1005
745,950 W OLIVER STREET,SAN PEDRO,CA,90731-1842
746,110 E 9TH STREET #B232,LOS ANGELES,CA,90079-3232
747,1710 N HARVARD BLVD #100,LOS ANGELES,CA,90027-3612
748,749 N POPLAR STREET,ORANGE,CA,92868-1013
749,14641 MAGNOLIA BLVD #2,SHERMAN OAKS,CA,91403-1493
750,3603 S MEYLER STREET,SAN PEDRO,CA,90731-6429
751,1432 W JEFFERSON BLVD,LOS ANGELES,CA,90007-3421
752,11473 HUSTON STREET,N HOLLYWOOD,CA,91601-4338
753,961 AMHERST AVENUE,LOS ANGELES,CA,90049-5801
754,22918 DOLOROSA STREET,WOODLAND HILLS,CA,91367-4321
755,801 THAYER AVENUE,LOS ANGELES,CA,90024-3311
756,15745 SATICOY STREET,VAN NUYS,CA,91406-3155
757,3911   W IMPERIAL HIGHWAY APARTMENT #8,INGLEWOOD,CA,90303-6562
758,1609 JAMES M WOOD BLVD,LOS ANGELES,CA,90015-1005
759,718 E 8TH STREET,LOS ANGELES,CA,90021-1802
760,1147 N AVALON BLVD,WILMINGTON,CA,90744-3501
761,1330 N ORANGE DRIVE #106,LOS ANGELES,CA,90028-7532
762,6042 N FIGUEROA STREET #B,LOS ANGELES,CA,90042-4232
763,1151 5TH AVENUE,LOS ANGELES,CA,90019-3439
764,2358 N VERMONT AVENUE,LOS ANGELES,CA,90027-1239
765,1626 N HARVARD BLVD #404,LOS ANGELES,CA,90027-5055
766,1762 S HOLT AVENUE,LOS ANGELES,CA,90035-4306
767,23286 ARROYO VISTA,RANCHO SANTA MARGARITA,CA,92688-2610
768,20204   STATE ROAD,CERRITOS,CA,90703-6458
769,21130 VENTURA BLVD,WOODLAND HILLS,CA,91364-2103
770,8957 HERRICK AVENUE,SUN VALLEY,CA,91352-2736
771,4820 FULTON AVENUE,SHERMAN OAKS,CA,91423-2504
772,625 SYCAMORE AVENUE,GLENDORA,CA,91741-3539
773,1539 W 15TH STREET,SAN PEDRO,CA,90732-3923
774,2102 N VERMONT AVENUE #2,LOS ANGELES,CA,90027-1960
775,2914 CLUNE AVENUE,VENICE,CA,90291-4656
776,7219 JORDAN AVENUE,CANOGA PARK,CA,91303-1224
777,6350 W 6TH STREET,LOS ANGELES,CA,90048-4806
778,6800 DE SOTO AVENUE,CANOGA PARK,CA,91303-2210
779,1175 RAVOLI DRIVE,PACIFIC PALISADES,CA,90272-3920
780,4416 GAINSBOROUGH AVENUE,LOS ANGELES,CA,90027-1225
781,930 SANTEE STREET #6,LOS ANGELES,CA,90015-1832
782,15845 OSBORNE STREET,NORTH HILLS,CA,91343-3133
783,11600 SAN VICENTE BLVD,LOS ANGELES,CA,90049-5102
784,927 BLUEGRASS LANE,LOS ANGELES,CA,90049-1432
785,39338 BLOSSOM CIRCLE,PALM DESERT,CA,92211-1940
786,1407 ABBOT KINNEY BLVD,VENICE,CA,90291-3740
787,19833 KINZIE STREET,CHATSWORTH,CA,91311-5613
788,4002 RAND COURT,SHERMAN OAKS,CA,91423-4705
789,11378 VENTURA BLVD,STUDIO CITY,CA,91604-3139
790,13251 CHANDLER BLVD,SHERMAN OAKS,CA,91401-6019
791,235 N GAFFEY STREET,SAN PEDRO,CA,90731-1921
792,1439 S CASTELLO AVENUE,LOS ANGELES,CA,90035-2807
793,14827 VENTURA BLVD #100,SHERMAN OAKS,CA,91403-5218
794,1327 N LA BREA AVENUE,LOS ANGELES,CA,90028-7503
795,1475 ECHO PARK AVENUE FLOOR #2ND,LOS ANGELES,CA,90026-3303
796,6250 FOREST LAWN DRIVE,LOS ANGELES,CA,90068-1016
797,1718 FEDERAL AVENUE,LOS ANGELES,CA,90025-4152
798,10940 WILSHIRE BLVD #1400,LOS ANGELES,CA,90024-3908
799,465   IOWA STREET,REDLANDS,CA,92373-8082
800,8118 S HOOVER STREET,LOS ANGELES,CA,90044-5024
801,14449 ROSCOE BLVD,PANORAMA CITY,CA,91402-3012
802,3960 WILSHIRE BLVD #501,LOS ANGELES,CA,90010-3324
803,17629 RUNNYMEDE STREET,VAN NUYS,CA,91406-2332
804,605 N BOYLE AVENUE,LOS ANGELES,CA,90033-1603
805,1330 W GAYLORD STREET,LONG BEACH,CA,90813-1321
806,333 S HOPE STREET #51 FL,LOS ANGELES,CA,90071-1406
807,11700 MONTE LEON WAY,NORTHRIDGE,CA,91326-1514
808,4364 S CENTRAL AVENUE,LOS ANGELES,CA,90011-3527
809,414 S LOS ANGELES STREET #172,LOS ANGELES,CA,90013-1480
810,1925 DEERMONT ROAD,GLENDALE,CA,91207-1029
811,860 W MANCHESTER AVENUE,LOS ANGELES,CA,90044-4932
812,1473 ORIOLE DRIVE,LOS ANGELES,CA,90069-1155
813,5720 LANKERSHIM BLVD,N HOLLYWOOD,CA,91601-1625
814,6009 FALLBROOK AVENUE,WOODLAND HILLS,CA,91367-3224
815,11819 WILSHIRE BLVD #205,LOS ANGELES,CA,90025-6631
816,7240   VASSAR AVENUE    #12,WOODLAND HILLS,CA,91303-1298
817,2301 OAKWOOD AVENUE,VENICE,CA,90291-4905
818,16001 KNAPP STREET,NORTH HILLS,CA,91343-3034
819,2226 CARMONA AVENUE #2,LOS ANGELES,CA,90016-2084
820,5931 SHOSHONE AVENUE,ENCINO,CA,91316-1232
821,17045 CHATSWORTH STREET,GRANADA HILLS,CA,91344-5845
822,1828 WILSHIRE BLVD,LOS ANGELES,CA,90057-3602
823,3460 WILSHIRE BLVD #1102,LOS ANGELES,CA,90010-2224
824,1338 S HOPE STREET #3 FL,LOS ANGELES,CA,90015-2902
825,12094 WAGNER STREET,CULVER CITY,CA,90230-5845
826,14643   DICKENS STREET,SHERMAN OAKS,CA,91403-3611
827,1574 CALLE DEL ESTRIBO,PACIFIC PALISADES,CA,90272-2009
828,20959 COSTANSO STREET,WOODLAND HILLS,CA,91364-2328
829,5535 BALBOA BLVD #204,ENCINO,CA,91316-1543
830,8347 WILBUR AVENUE,NORTHRIDGE,CA,91324-4432
831,8342 BELLINGHAM AVENUE,SUN VALLEY,CA,91352-3801
832,19226 VILLAGE 19,CAMARILLO,CA,93012-7504
833,1901 BROADVIEW DRIVE,GLENDALE,CA,91208-1201
834,17330 MIDWOOD DRIVE,GRANADA HILLS,CA,91344-2454
835,8201 VAN NUYS BLVD,PANORAMA CITY,CA,91402-4804
836,17050 VENTURA BLVD #200,ENCINO,CA,91316-4129
837,4200 DON ORTEGA PLACE,LOS ANGELES,CA,90008-4234
838,2265 WESTWOOD BLVD #7,LOS ANGELES,CA,90064-2046
839,4160 EAGLE ROCK BLVD,LOS ANGELES,CA,90065-4472
840,3032 ANGUS STREET,LOS ANGELES,CA,90039-2564
841,2511 JAMESTOWN COURT,OXNARD,CA,93035-3746
842,6135 YORK BLVD,LOS ANGELES,CA,90042-3541
843,1170 N KENILWORTH AVENUE,GLENDALE,CA,91202-2861
844,12727 VANOWEN STREET,N HOLLYWOOD,CA,91605-5204
845,2102 W MARTIN LUTHER KING JR BLVD,LOS ANGELES,CA,90008-2721
846,1916 MALCOLM AVENUE,LOS ANGELES,CA,90025-4740
847,16216 KITTRIDGE STREET,VAN NUYS,CA,91406-5846
848,18311 NAPA STREET,NORTHRIDGE,CA,91325-3617
849,1777 S LA CIENEGA BLVD,LOS ANGELES,CA,90035-4601
850,261 S SAN RAFAEL AVENUE,PASADENA,CA,91105-1524
851,18700 W BLUEMOUND ROAD,BROOKFIELD,CA,53045-
852,2064 N NEW HAMPSHIRE AVENUE,LOS ANGELES,CA,90027-1911
853,11980 SAN VICENTE BLVD #901,LOS ANGELES,CA,90049-6607
854,10590 WILSHIRE BLVD #1004,LOS ANGELES,CA,90024-7311
855,17040 VENTURA BLVD,ENCINO,CA,91316-4129
856,380 WORLD WAY,LOS ANGELES,CA,90045-
857,427 CULVER BLVD,PLAYA DEL REY,CA,90293-7705
858,661 W FERNFIELD DRIVE,MONTEREY PARK,CA,91754-6901
859,525 N HARBOR BLVD,SAN PEDRO,CA,90731-2244
860,1208 W 23RD STREET #2,SAN PEDRO,CA,90731-4909
861,2402 S CABRILLO AVENUE,SAN PEDRO,CA,90731-5818
862,727 W 15TH STREET,SAN PEDRO,CA,90731-4607
863,2029 OAKSTONE WAY,LOS ANGELES,CA,90046-1821
864,1120 N SAN FERNANDO ROAD,LOS ANGELES,CA,90065-1126
865,426 E 111TH PLACE,LOS ANGELES,CA,90061-3014
866,2478 W WASHINGTON BLVD,LOS ANGELES,CA,90018-1452
867,6111 W OLYMPIC BLVD,LOS ANGELES,CA,90048-5407
868,2802 SANTA MONICA BLVD,SANTA MONICA,CA,90404-2410
869,540 S SERRANO AVENUE,LOS ANGELES,CA,90020-3933
870,4383 COLFAX AVENUE,STUDIO CITY,CA,91604-2837
871,1000 ROSCOMARE ROAD,LOS ANGELES,CA,90077-2228
872,7056 RESEDA BLVD,RESEDA,CA,91335-4208
873,10437 KINNARD AVENUE,LOS ANGELES,CA,90024-6015
874,210 E OLYMPIC BLVD #202,LOS ANGELES,CA,90015-1748
875,6520 PLATT AVENUE #804,WEST HILLS,CA,91307-3218
876,15057 SHERVIEW PLACE,SHERMAN OAKS,CA,91403-5037
877,2225 CANYONBACK ROAD,LOS ANGELES,CA,90049-1178
878,4237 AVOCADO STREET,LOS ANGELES,CA,90027-2120
879,4913 S CENTRAL AVENUE,LOS ANGELES,CA,90011-4119
880,8850 W PICO BLVD,LOS ANGELES,CA,90035-
881,1050 THOMAS JEFFERSON STREET NW #700,WASHINGTON,CA,20007-
882,3520 S MAIN STREET,LOS ANGELES,CA,90007-4414
883,15112 GREENLEAF STREET,SHERMAN OAKS,CA,91403-
884,8316 MELROSE AVENUE,LOS ANGELES,CA,90069-5404
885,10888 LA TUNA CANYON ROAD UNIT #F,SUN VALLEY,CA,91352-2078
886,1233 6TH STREET APARTMENT #212,SANTA MONICA,CA,90401-1618
887,127 N FULLER AVENUE,LOS ANGELES,CA,90036-2811
888,5541 SANTA MONICA BLVD #6,LOS ANGELES,CA,90038-
889,3825 E THOUSAND OAKS BLVD SUITE #1,WESTLAKE VILLAGE,CA,91362-3639
890,11724 VICTORY BLVD,N HOLLYWOOD,CA,91606-
891,16030 VENTURA BLVD SUITE #240,ENCINO,CA,91436-4487
892,28933 SELFRIDGE DRIVE,MALIBU,CA,90265-4265
893,5054 ECHO STREET,LOS ANGELES,CA,90042-
894,11444 W OLYMPIC BLVD #5FL,LOS ANGELES,CA,90064-1551
895,21800 SCHOENBORN STREET #222,CANOGA PARK,CA,91304-3400
896,1518 HAZELWOOD AVENUE,LOS ANGELES,CA,90041-3339
897,17732 ROYCE DRIVE W,ENCINO,CA,91316-3713
898,1227 S SAN PEDRO STREET #6,LOS ANGELES,CA,90015-2666
899,1633 W 25TH STREET,SAN PEDRO,CA,90732-4301
900,22048 SHERMAN WAY #306,CANOGA PARK,CA,91303-3011
901,13842 GARRICK AVENUE,SYLMAR,CA,91342-1811
902,2915 GREENFIELD AVENUE,LOS ANGELES,CA,90064-4019
903,773 BERGAMO AVENUE,SAN JACINTO,CA,92583-2980
904,405 S WARD AVENUE,COMPTON,CA,90221-3435
905,539 S BERENDO STREET,LOS ANGELES,CA,90020-2264
906,11625 LOUISE AVENUE,LYNWOOD,CA,90262-3923
907,1824 E 1ST STREET,LOS ANGELES,CA,90033-3411
908,3425 E 1ST STREET #19,LOS ANGELES,CA,90063-
909,12304 SANTA MONICA BLVD #300,LOS ANGELES,CA,90025-2593
910,21931 BURBANK BLVD #30,WOODLAND HILLS,CA,91367-6460
911,13 INVERNESS WAY S,ENGLEWOOD,CA,80112-
912,16311 VENTURA BLVD SUITE #610,ENCINO,CA,91436-4379
913,1600 6TH AVENUE,LOS ANGELES,CA,90019-6108
914,1457 REEVES STREET #204,LOS ANGELES,CA,90035-2970
915,818 N BROADWAY #212,LOS ANGELES,CA,90012-
916,123 ONIZUKA STREET SUITE #102,LOS ANGELES,CA,90012-3842
917,1819 E 46TH STREET,VERNON,CA,90058-1947
918,6831 HESPERIA AVENUE,RESEDA,CA,91335-4605
919,11923 ALBERS STREET,NORTH HOLLYWOOD,CA,91607-2107
920,2341 RIDGEVIEW AVENUE,LOS ANGELES,CA,90041-2931
921,300 S GLENDALE AVENUE,GLENDALE,CA,91205-5305
922,1309 VIENNA WAY,VENICE,CA,90291-4028
923,137 N LARCHMONT BLVD #438,LOS ANGELES,CA,90004-3704
924,7356 MELROSE AVENUE,LOS ANGELES,CA,90046-7527
925,5200 LOUISE AVENUE,ENCINO,CA,91316-2535
926,18653 VENTURA BLVD #295,TARZANA,CA,91356-
927,2335 SYCAMORE LANE,PALMDALE,CA,93551-4169
928,700 S HILL STREET #26,LOS ANGELES,CA,90014-2734
929,4129 MARY ELLEN AVENUE,STUDIO CITY,CA,91604-2212
930,1501 1/2 S BRONSON AVENUE,LOS ANGELES,CA,90019-4384
931,14860 ROSCOE BLVD SUITE #305,PANORAMA CITY,CA,91402-7901
932,7724 TAMPA AVENUE,RESEDA,CA,91335-
933,1637 S WESTGATE AVENUE,LOS ANGELES,CA,90025-3753
934,6325 TOPANGA CANYON BLVD SUITE #320,WOODLAND HILLS,CA,91367-2012
935,3159 WAVERLY DRIVE,LOS ANGELES,CA,90027-2520
936,2444 WILSHIRE BLVD #200,SANTA MONICA,CA,90403-5800
937,5308 ALHAMA DRIVE,WOODLAND HILLS,CA,91364-2013
938,19816 BLYTHE STREET,WINNETKA,CA,91306-2320
939,942 HILTS AVENUE,LOS ANGELES,CA,90024-
940,1572 LARKIN WILLIAMS ROAD,FENTON,CA,63026-3009
941,6040 LA PRADA STREET,LOS ANGELES,CA,90042-2076
942,8522 BEVERLY BLVD #689,LOS ANGELES,CA,90048-3304
943,502 16TH STREET,SANTA MONICA,CA,90402-3002
944,4238 COLBATH AVENUE,SHERMAN OAKS,CA,91423-4210
945,235 1/2 E 83RD STREET,LOS ANGELES,CA,90003-3023
946,10321 TUJUNGA CANYON BLVD,TUJUNGA,CA,91042-
947,2303   WORKMAN STREET,LOS ANGELES,CA,90031-2615
948,3745   GLENDON AVENUE #113,LOS ANGELES,CA,90034-6273
949,325 GLENDALE BLVD,LOS ANGELES,CA,90026-5036
950,10042 S GRAMERCY PLACE,LOS ANGELES,CA,90047-
951,11226 SEGRELL WAY,CULVER CITY,CA,90230-5354
952,10365 ROCHESTER AVENUE,LOS ANGELES,CA,90024-5362
953,520 MUSKINGUM AVENUE,PCFIC PALSADS,CA,90272-
954,2345 GRIFFITH PARK BLVD #1,LOS ANGELES,CA,90039-2554
955,1680 S CRESCENT HEIGHTS BLVD,LOS ANGELES,CA,90035-4512
956,1832 WESTERLY TERRACE,LOS ANGELES,CA,90026-
957,2103 HANCOCK STREET,LOS ANGELES,CA,90031-3469
958,8149 ALCOVE AVENUE,NORTH HOLLYWOOD,CA,91605-1112
959,4870 LOLETA AVENUE,LOS ANGELES,CA,90041-
960,460 N HARPER AVENUE,LOS ANGELES,CA,90048-2221
961,1501 S SPAULDING AVENUE,LOS ANGELES,CA,90019-3843
962,7912 BEVERLY BLVD,LOS ANGELES,CA,90048-4502
963,2432 E 8TH STREET,LOS ANGELES,CA,90021-1734
964,1374 S RIDGELEY DRIVE #5,LOS ANGELES,CA,90019-2670
965,31753 CAMINO ALLEGRE,CASTAIC,CA,91384-3972
966,2650 E OLYMPIC BLVD,LOS ANGELES,CA,90023-2608
967,17930 LUDLOW STREET,GRANADA HILLS,CA,91344-
968,4300 VERDUGO VIEW DRIVE,LOS ANGELES,CA,90065-4344
969,2520 1/4 S CENTRAL AVENUE,LOS ANGELES,CA,90011-1635
970,12812   S SPRING STREET,LOS ANGELES,CA,90061-1620
971,130   VOYAGE MALL,MARINA DEL REY,CA,90292-7296
972,11110 OHIO AVENUE #104,LOS ANGELES,CA,90025-3329
973,5567 RESEDA BLVD #108,TARZANA,CA,91356-2648
974,446 SAN VICENTE BLVD #107,SANTA MONICA,CA,90402-
975,9318 OSO AVENUE #J,CHATSWORTH,CA,91311-
976,2217 PONTIUS AVENUE SUITE #A,LOS ANGELES,CA,90064-1807
977,12515 WOODLEY AVENUE,GRANADA HILLS,CA,91344-
978,3409 PLATA STREET #2,LOS ANGELES,CA,90026-3529
979,14659 HAYNES STREET,VAN NUYS,CA,91411-1615
980,1533 W CARSON STREET,TORRANCE,CA,90501-3954
981,2810   N BEACHWOOD DRIVE,LOS ANGELES,CA,90068-1924
982,2152   ROCKLEDGE ROAD,LOS ANGELES,CA,90068-3136
983,1500 GAFFEY AVENUE,SAN PEDRO,CA,90731-1334
984,14501 TUPPER STREET UNIT #30,PANORAMA CITY,CA,91402-1447
985,119 S ALTA VISTA BLVD,LOS ANGELES,CA,90036-2823
986,2528 W OLYMPIC BLVD #209,LOS ANGELES,CA,90006-2922
987,2770 GRANVILLE AVENUE,LOS ANGELES,CA,90064-3604
988,15145 HOLIDAY WAY,SYLMAR,CA,91342-
989,10250 SANTA MONICA BLVD SPACE #R3,LOS ANGELES,CA,90067-6436
990,1385 PARK CENTER DRIVE,VISTA,CA,92081-8338
991,151 WESTLAKE BLVD,MALIBU,CA,90265-2442
992,922 W 11TH STREET,SAN PEDRO,CA,90731-3519
993,7226 S FIGUEROA STREET,LOS ANGELES,CA,90003-1721
994,8478 LURLINE AVENUE,CANOGA PARK,CA,91306-1525
995,20501 VENTURA BLVD #140,WOODLAND HILLS,CA,91364-6412
996,735 S LA BREA AVENUE,LOS ANGELES,CA,90036-4208
997,21001 SHERMAN WAY #13,CANOGA PARK,CA,91303-3680
998,2942   EDGEHILL DRIVE,LOS ANGELES,CA,90018-2852
999,4931 AGNES AVENUE,VALLEY VILLAGE,CA,91607-3704
1000,986 E 32ND STREET,LOS ANGELES,CA,90011-2500
1001,15053 SHERMAN WAY UNIT #A,VAN NUYS,CA,91405-5019
1002,5303 COMERCIO WAY,WOODLAND HILLS,CA,91364-2030
1003,21031 VENTURA BLVD #100,WOODLAND HILLS,CA,91364-2208
1004,5435 BALBOA BLVD #105,ENCINO,CA,91316-1587
1005,2028   W PICO BLVD,LOS ANGELES,CA,90006-5011
1006,22232 VALERIO STREET,CANOGA PARK,CA,91303-1024
1007,1805 N KINGSLEY DRIVE #111,LOS ANGELES,CA,90027-
1008,840 1/4 SAYRE LANE,LOS ANGELES,CA,90026-6246
1009,392 JENKS CIRCLE,CORONA,CA,92880-
1010,400 S MAIN STREET #807,LOS ANGELES,CA,90013-1326
1011,25716 VERMONT AVENUE,HARBOR CITY,CA,90710-
1012,2055 N FIGUEROA STREET,LOS ANGELES,CA,90065-1021
1013,1801 AVENUE OF THE STARS SUITE #910,LOS ANGELES,CA,90067-5803
1014,251 S MARIPOSA AVENUE,LOS ANGELES,CA,90004-5461
1015,635 E 87TH STREET,LOS ANGELES,CA,90002-1014
1016,1911 FAIRBURN AVENUE,LOS ANGELES,CA,90025-5911
1017,5436 SHARYNNE LANE,TORRANCE,CA,90505-
1018,8788 MOORCROFT AVENUE,WEST HILLS,CA,91304-1337
1019,336 W ANAHEIM STREET,WILMINGTON,CA,90744-4421
1020,3047 CARLYLE STREET #5,LOS ANGELES,CA,90065-2082
1021,18608 PLUMMER STREET,NORTHRIDGE,CA,91324-2245
1022,24173 VIEW POINTE LANE,VALENCIA,CA,91355-5112
1023,21837 VENTURA BLVD,WOODLAND HILLS,CA,91364-1838
1024,6633 ODESSA AVENUE,VAN NUYS,CA,91406-5746
1025,5153 HOLLYWOOD BLVD,LOS ANGELES,CA,90027-6113
1026,11047 OTSEGO STREET APARTMENT #101,NORTH HOLLYWOOD,CA,91601-5623
1027,18765 STRATHERN STREET,RESEDA,CA,91335-1222
1028,8407 MELROSE AVENUE,LOS ANGELES,CA,90069-5305
1029,8612 W PICO BLVD,LOS ANGELES,CA,90035-2302
1030,4121 WILSHIRE BLVD ##302,LOS ANGELES,CA,90010-3522
1031,7640 HASKELL AVENUE,VAN NUYS,CA,91406-2005
1032,1244 S LONGWOOD AVENUE,LOS ANGELES,CA,90019-1758
1033,4301 LANKERSHIM BLVD,N HOLLYWOOD,CA,91602-
1034,461 WOLFSKILL STREET #A,SAN FERNANDO,CA,91340-3739
1035,7124 S VERMONT AVENUE,LOS ANGELES,CA,90044-5249
1036,3840 OLD TOPANGA CANYON ROAD #C,CALABASAS,CA,91302-1875
1037,9691 SUNLAND BLVD,SHADOW HILLS,CA,91040-1450
1038,4000 S FIGUEROA STREET,LOS ANGELES,CA,90037-2002
1039,846 S HOOVER STREET,LOS ANGELES,CA,90005-1201
1040,453 S KENMORE AVENUE,LOS ANGELES,CA,90020-2414
1041,6710 VALJEAN AVENUE,VAN NUYS,CA,91406-5818
1042,1427 E 4TH STREET UNIT #13,LOS ANGELES,CA,90033-4250
1043,9601 CREEMORE PLACE,TUJUNGA,CA,91042-3418
1044,20521 EARLGATE STREET,WALNUT,CA,91789-2909
1045,4953 HAYVENHURST AVENUE,ENCINO,CA,91436-1112
1046,3930 B CHERRY AVENUE,LONG BEACH,CA,90807-3727
1047,24220 BESSEMER STREET,WOODLAND HLS,CA,91367-
1048,8215 S WESTERN AVENUE,LOS ANGELES,CA,90047-3036
1049,19552 HEMMINGWAY STREET,RESEDA,CA,91335-1640
1050,4855 GENTRY AVENUE,VALLEY VILLAGE,CA,91607-3710
1051,21501 VENTURA BLVD,WOODLAND HILLS,CA,91364-1920
1052,6019 8TH AVENUE,LOS ANGELES,CA,90043-4024
1053,1526 S BROADWAY,LOS ANGELES,CA,90015-3031
1054,9035 CEDROS AVENUE UNIT #3,PANORAMA CITY,CA,91402-1618
1055,503 32ND STREET #200,NEWPORT BEACH,CA,92663-3820
1056,125 JAMES WAY,SOUTHAMPTON,CA,18966-3817
1057,1124  1/2 E 85TH STREET,LOS ANGELES,CA,90001-3730
1058,6900 RESEDA BLVD #G,RESEDA,CA,91335-4272
1059,2707 POMEROY AVENUE APARTMENT #18,LOS ANGELES,CA,90033-2048
1060,8493 FOUNTAIN AVENUE #F,WEST HOLLYWOOD,CA,90069-2518
1061,1317 N VISTA STREET,LOS ANGELES,CA,90046-4805
1062,11653 MCLENNAN AVENUE,GRANADA HILLS,CA,91344-2737
1063,11820 KITTRIDGE STREET,N HOLLYWOOD,CA,91606-
1064,6545 ALTA AVENUE,WHITTIER,CA,90601-4654
1065,2600 S BROADWAY,LOS ANGELES,CA,90007-2730
1066,5704 W SUNSET BLVD,LOS ANGELES,CA,90028-8502
1067,1442 E WASHINGTON BLVD,LOS ANGELES,CA,90021-3040
1068,800 S FIGUEROA STREET SUITE #1040,LOS ANGELES,CA,90017-2531
1069,2457 E CESAR E CHAVEZ AVENUE,LOS ANGELES,CA,90033-3001
1070,12358 SAN FERNANDO ROAD,SYLMAR,CA,91342-5020
1071,901 N AVENUE 67,LOS ANGELES,CA,90042-
1072,2855 PROGRESS PLACE,ESCONDIDO,CA,92029-1516
1073,809 N HILL STREET #G,LOS ANGELES,CA,90012-2394
1074,1042 N FAIRFAX AVENUE,WEST HOLLYWOOD,CA,90046-6103
1075,5001 KELVIN AVENUE,WOODLAND HLS,CA,91364-
1076,8536 PENFIELD AVENUE,WINNETKA,CA,91306-1404
1077,855 N VERMONT AVENUE,LOS ANGELES,CA,90029-
1078,14545 LANARK STREET,PANORAMA CITY,CA,91402-4903
1079,6000 FAIRVIEW PLACE,AGOURA HILLS,CA,91301-1852
1080,1455   EDRIS DRIVE,LOS ANGELES,CA,90035-2902
1081,13801 VENTURA BLVD,SHERMAN OAKS,CA,91423-3603
1082,7188 W SUNSET BLVD #100B,LOS ANGELES,CA,90046-4400
1083,12600 KLING STREET,STUDIO CITY,CA,91604-1110
1084,6124 HAZELHURST PLACE ##10,NORTH HOLLYWOOD,CA,91606-5322
1085,3637 HONEY GLEN WAY,ONTARIO,CA,91761-
1086,16830 VENTURA BLVD,ENCINO,CA,91436-1707
1087,7003 TOPANGA CANYON BLVD,CANOGA PARK,CA,91303-1961
1088,2402 CHELSEA STREET,LOS ANGELES,CA,90033-1407
1089,6609 BEEMAN AVENUE,NORTH HOLLYWOOD,CA,91606-1202
1090,7046 COLBATH AVENUE,VAN NUYS,CA,91405-3301
1091,1607 W 46TH STREET,LOS ANGELES,CA,90062-1647
1092,15211 SHERMAN WAY,VAN NUYS,CA,91405-2048
1093,6446 LEXINGTON AVENUE #9,LOS ANGELES,CA,90038-1534
1094,1408 W PICO BLVD,LOS ANGELES,CA,90015-2406
1095,305 GANDY DANCER DRIVE,TRACY,CA,95376-
1096,5550 FULCHER AVENUE,NORTH HOLLYWOOD,CA,91601-2417
1097,8056 LANGDON AVENUE APARTMENT #2,VAN NUYS,CA,91406-6610
1098,1316 BARRY AVENUE #6,LOS ANGELES,CA,90025-3954
1099,16543 LASSEN STREET,NORTH HILLS,CA,91343-1232
1100,14262 WHITTRAM AVENUE,FONTANA,CA,92335-
1101,1330   PACIFIC COAST HIGHWAY UNIT #201,HARBOR CITY,CA,90710-2836
1102,1300 SANTEE STREET SUITE #216,LOS ANGELES,CA,90015-4418
1103,10479 LAUREL CANYON BLVD,PACOIMA,CA,91331-3660
1104,20263 SATICOY STREET #G,WINNETKA,CA,91306-2591
1105,4302 AGNES AVENUE,STUDIO CITY,CA,91604-
1106,4027 HOLLY KNOLL DRIVE,LOS ANGELES,CA,90027-3219
1107,13922 METTLER AVENUE,LOS ANGELES,CA,90061-2661
1108,5461 YARMOUTH AVENUE #28,ENCINO,CA,91316-2340
1109,2853 VINEYARD AVENUE,LOS ANGELES,CA,90016-2929
1110,2313 E PHILADELPHIA STREET SUITE #P,ONTARIO,CA,91761-8048
1111,5352 W 122ND STREET,HAWTHORNE,CA,90250-3414
1112,12918 S SPRING STREET,LOS ANGELES,CA,90061-1632
1113,23358 CALLE ARINO,VALENCIA,CA,91355-2259
1114,3706 W 4TH STREET APARTMENT #103,LOS ANGELES,CA,90020-2662
1115,2637 BLIMP STREET #2,LOS ANGELES,CA,90039-3828
1116,23777 MULHOLLAND HIGHWAY SPACE ##208,CALABASAS,CA,91302-2715
1117,9226 W PICO BLVD,LOS ANGELES,CA,90035-1319
1118,4433 S ALAMEDA STREET #9B-C,LOS ANGELES,CA,90058-2008
1119,248 N CHICAGO STREET APARTMENT #16,LOS ANGELES,CA,90033-2946
1120,10068 1/2 BASELINE ROAD,ALTA LOMA,CA,91701-5985
1121,1526 S LOS ANGELES STREET #F,LOS ANGELES,CA,90015-4403
1122,3050 HARRINGTON AVENUE,LOS ANGELES,CA,90006-2307
1123,2580 BASIL LANE,LOS ANGELES,CA,90077-2004
1124,833 S WESTERN AVENUE SUITE #18,LOS ANGELES,CA,90005-3386
1125,1530 N POINSETTIA PLACE #237,LOS ANGELES,CA,90046-7915
1126,4407 PROSPECT AVENUE,LOS ANGELES,CA,90027-5555
1127,722 N ORLANDO AVENUE,LOS ANGELES,CA,90069-5443
1128,2633 LINCOLN BLVD #111,SANTA MONICA,CA,90405-4619
1129,7519 FALLBROOK AVENUE,WEST HILLS,CA,91307-1504
1130,2006 3RD AVENUE,LOS ANGELES,CA,90018-1222
1131,3961 HILLCREST DRIVE #5,LOS ANGELES,CA,90008-1645
1132,1482 ANGELUS AVENUE,LOS ANGELES,CA,90026-2209
1133,4957 NAGLE AVENUE,SHERMAN OAKS,CA,91423-
1134,5640 FAIR AVENUE,NORTH HOLLYWOOD,CA,91601-1955
1135,4521 ROSEWOOD AVENUE,LOS ANGELES,CA,90004-3213
1136,16133 VENTURA BLVD FLOOR #7TH,ENCINO,CA,91436-2403
1137,10146 BALBOA BLVD,GRANADA HILLS,CA,91344-7401
1138,8888 VENICE BLVD,LOS ANGELES,CA,90034-3219
1139,1919 PUENTE AVENUE,BALDWIN PARK,CA,91706-6043
1140,613   S RIDGELEY DRIVE,LOS ANGELES,CA,90036-4239
1141,5931 OAKDALE AVENUE,WOODLAND HILLS,CA,91367-5619
1142,15119 W SUNSET BLVD,PACIFIC PALISADES,CA,90272-3721
1143,1304 SAN VICENTE BLVD,SANTA MONICA,CA,90402-2106
1144,21618 SATICOY STREET APARTMENT #202,CANOGA PARK,CA,91304-4978
1145,1222 S WESTGATE AVENUE #302,LOS ANGELES,CA,90025-1425
1146,5647 VIRGINIA AVENUE,LOS ANGELES,CA,90038-4914
1147,13932 HAMLIN STREET,VAN NUYS,CA,91401-1507
1148,1255 DELRESTO DRIVE,BEVERLY HILLS,CA,90210-2124
1149,5255 NEWCASTLE AVENUE #3,ENCINO,CA,91316-
1150,6206 1/2 SHOUP AVENUE,WOODLAND HILLS,CA,91367-0905
1151,1868 BENECIA AVENUE,LOS ANGELES,CA,90025-5035
1152,20214 COHASSET STREET #8,WINNETKA,CA,91306-4527
1153,10235 DE SOTO AVENUE #B,CHATSWORTH,CA,91311-7303
1154,6402   BEN AVENUE APARTMENT #107,NORTH HOLLYWOOD,CA,91606-1592
1155,13446 FRIAR STREET,VAN NUYS,CA,91401-2407
1156,7215 YARMOUTH AVENUE,RESEDA,CA,91335-
1157,11459 VALJEAN AVENUE,GRANADA HILLS,CA,91344-3749
1158,1760 N VERMONT AVENUE,LOS ANGELES,CA,90027-4311
1159,4146   LANKERSHIM BLVD #404,NORTH HOLLYWOOD,CA,91602-2832
1160,951 1/2 CHUNG KING ROAD,LOS ANGELES,CA,90012-1710
1161,2871 E CORONADO STREET,ANAHEIM,CA,92806-2504
1162,4267 CRENSHAW BLVD,LOS ANGELES,CA,90008-2536
1163,542 1/2 S BREED STREET,LOS ANGELES,CA,90033-
1164,360 E GLADSTONE STREET,GLENDORA,CA,91740-
1165,3825 FLOWER DRIVE,LOS ANGELES,CA,90037-
1166,450 N MCCADDEN PLACE,LOS ANGELES,CA,90004-1026
1167,1810 N KINGSLEY DRIVE,LOS ANGELES,CA,90027-3784
1168,1123 W 38TH STREET,LOS ANGELES,CA,90037-
1169,18256 CALVERT STREET,TARZANA,CA,91335-7001
1170,1301 W 400 N,OREM,CA,84057-
1171,11099 S LA CIENEGA BLVD #260,LOS ANGELES,CA,90045-
1172,9701 TAYLORSVILLE ROAD,LOUISVILLE,CA,40299-
1173,22742 CAVALIER STREET,WOODLAND HILLS,CA,91364-3909
1174,12780 SAN FERNANDO ROAD,SYLMAR,CA,91342-3728
1175,13001 OTSEGO STREET,SHERMAN OAKS,CA,91423-1624
1176,13637   DRONFIELD AVENUE,SYLMAR,CA,91342-1429
1177,7338 TAMARIND AVENUE,FONTANA,CA,92336-2235
1178,2800 N BEACHWOOD DRIVE,LOS ANGELES,CA,90068-1924
1179,1888 CENTURY PARKS  E #1650,LOS ANGELES,CA,90067-1734
1180,3329   LOS OLIVOS LANE,LA CRESCENTA,CA,91214-1240
1181,5951 VAN NUYS BLVD,VAN NUYS,CA,91401-3624
1182,22657 JAMESON DRIVE,CALABASAS,CA,91302-5856
1183,6117 BLUEBELL AVENUE,N HOLLYWOOD,CA,91606-
1184,13026 SATICOY STREET #21,N HOLLYWOOD,CA,91605-3519
1185,727 N FAIRFAX AVENUE,LOS ANGELES,CA,90046-
1186,2229 LOUELLA AVENUE,VENICE,CA,90291-4046
1187,2828 HERKIMER STREET,LOS ANGELES,CA,90039-
1188,651 EL MEDIO AVENUE,PACIFIC PALISADES,CA,90272-4226
1189,849 S WOOSTER STREET,LOS ANGELES,CA,90035-1730
1190,2654 WEAVER WAY,DORAVILLE,CA,30340-
1191,6443 MATILIJA AVENUE,VAN NUYS,CA,91401-
1192,343 W GARFIELD AVENUE,GLENDALE,CA,91204-2002
1193,12943 ALEXANDER STREET,SYLMAR,CA,91342-3402
1194,1105 GAYLEY AVENUE,LOS ANGELES,CA,90024-3403
1195,3655 TRACY STREET #4,LOS ANGELES,CA,90039-2556
1196,5001   PETIT AVENUE,ENCINO,CA,91436-1132
1197,2704 ARMSTRONG AVENUE,LOS ANGELES,CA,90039-2615
1198,748 N GROVETON AVENUE,SAN DIMAS,CA,91773-1716
1199,12375   OSBORNE PLACE #23,PACOIMA,CA,91331-2014
1200,1763 S BEDFORD STREET,LOS ANGELES,CA,90035-4320
1201,7111 SAN LUIS AVENUE,BELL,CA,90201-3413
1202,18274 KAREN DRIVE,TARZANA,CA,91356-4608
1203,50 W BIG BEAVER ROAD SUITE #130,TROY,CA,48084-5261
1204,1234 ATWOOD STREET,LOS ANGELES,CA,90063-2604
1205,6446 SAN VICENTE BLVD,LOS ANGELES,CA,90048-5338
1206,1061 W 17TH STREET,SAN PEDRO,CA,90731-4522
1207,11020 VENTURA BLVD,STUDIO CITY,CA,91604-3538
1208,2456 GREENVALLEY ROAD,LOS ANGELES,CA,90046-1436
1209,12725 VENTURA BLVD SUITE #H,STUDIO CITY,CA,91604-2437
1210,10327 ALMAYO AVENUE,LOS ANGELES,CA,90064-2601
1211,19032   SHERMAN WAY ##B209,RESEDA,CA,91335-2617
1212,11041 SANTA MONICA BLVD SUITE #630,LOS ANGELES,CA,90025-3523
1213,5151 BELLINGHAM AVENUE UNIT #3,VALLEY VILLAGE,CA,91607-3058
1214,10035 HAYVENHURST AVENUE,NORTH HILLS,CA,91343-1103
1215,7806 TEESDALE AVENUE,N HOLLYWOOD,CA,91605-2143
1216,6722 BABCOCK AVENUE,N HOLLYWOOD,CA,91606-1311
1217,2920 EAGLE ROCK BLVD,LOS ANGELES,CA,90065-2106
1218,18404 COLLINS STREET #104,TARZANA,CA,91356-2319
1219,4804 LAUREL CANYON BLVD POST OFFICE BOX #827,VALLEY VILLAGE,CA,91607-3717
1220,14006 RIVERSIDE DRIVE UNIT #17,SHERMAN OAKS,CA,91423-1986
1221,5902 N FIGUEROA STREET,LOS ANGELES,CA,90042-4230
1222,14948 ADDISON STREET,SHERMAN OAKS,CA,91403-1335
1223,7118 JELLICO AVENUE,VAN NUYS,CA,91406-3526
1224,14637   VALLEY VISTA BLVD,SHERMAN OAKS,CA,91403-4110
1225,2701 WILSHIRE BLVD SUITE #804,LOS ANGELES,CA,90057-3239
1226,4209 WOODLAWN AVENUE,LOS ANGELES,CA,90011-2935
1227,4050 1/2 BROTHERTON STREET,CORONA,CA,92879-1813
1228,5030 YORK BLVD,LOS ANGELES,CA,90042-1714
1229,2807 S BEDFORD STREET,LOS ANGELES,CA,90034-2522
1230,510 E WASHINGTON STREET,CHAGRIN FALLS,CA,44022-4448
1231,10140 WEALTHA AVENUE,SUN VALLEY,CA,91352-1144
1232,407   N SYCAMORE AVENUE #3,LOS ANGELES,CA,90036-2657
1233,9214 S MAIN STREET,LOS ANGELES,CA,90003-3750
1234,2927 9TH AVENUE,LOS ANGELES,CA,90018-2306
1235,3607 W 6TH STREET,LOS ANGELES,CA,90020-3003
1236,1648 MCCOLLUM PLACE,LOS ANGELES,CA,90026-1444
1237,333 W CYPRESS STREET,GLENDALE,CA,91204-2534
1238,19438 HATTON STREET,RESEDA,CA,91335-2311
1239,1325 FEDORA STREET APARTMENT #3,LOS ANGELES,CA,90006-4332
1240,14725 S GRAMERCY PLACE,GARDENA,CA,90247-
1241,1851 W W 11TH STREET,LOS ANGELES,CA,90006-3719
1242,14249 KITTRIDGE STREET,VAN NUYS,CA,91405-4708
1243,15445 VENTURA BLVD APARTMENT #912,SHERMAN OAKS,CA,91403-3005
1244,522 BOSTON POST ROAD #B,WAYLAND,CA,01778-1833
1245,4415 AUCKLAND AVENUE,TOLUCA LAKE,CA,91602-2402
1246,1620 1/2 RODNEY DRIVE,LOS ANGELES,CA,90027-5412
1247,525 W 130TH STREET,LOS ANGELES,CA,90061-1180
1248,9205 VAN NUYS BLVD APARTMENT #223,PANORAMA CITY,CA,91402-6738
1249,2210 NORTHPOINT PARKWAYS,SANTA ROSA,CA,95407-7398
1250,1894 SUMMERTIME AVENUE,SIMI VALLEY,CA,93065-6213
1251,3614 GREENFIELD AVENUE,LOS ANGELES,CA,90034-7002
1252,1474 S CRESCENT HEIGHTS BLVD,LOS ANGELES,CA,90035-3820
1253,4344 KENYON AVENUE,LOS ANGELES,CA,90066-6127
1254,663 W 12TH STREET,SAN PEDRO,CA,90731-4115
1255,12720 BURBANK BLVD APARTMENT #219,VALLEY VILLAGE,CA,91607-1424
1256,14963 HAMLIN STREET,VAN NUYS,CA,91411-1407
1257,13627 HATTERAS STREET,VAN NUYS,CA,91401-4519
1258,11901   SANTA MONICA BLVD ##554,LOS ANGELES,CA,90025-2767
1259,2323 LOMA VISTA PLACE,LOS ANGELES,CA,90039-3614
1260,974 DEXTER STREET,LOS ANGELES,CA,90042-2225
1261,3419 IONE DRIVE,LOS ANGELES,CA,90068-1307
1262,14240 BURBANK BLVD APARTMENT #211,SHERMAN OAKS,CA,91401-4936
1263,6930 JAMIESON AVENUE,RESEDA,CA,91335-4814
1264,9454   WILSHIRE BLVD FLOOR #6th,BEVERLY HILLS,CA,90212-2930
1265,360 N SIERRA BONITA AVENUE,LOS ANGELES,CA,90036-2455
1266,13753 GLADSTONE AVENUE,SYLMAR,CA,91342-1510
1267,4801 W JEFFERSON BLVD,LOS ANGELES,CA,90016-3920
1268,8315 GONZAGA AVENUE,LOS ANGELES,CA,90045-2577
1269,16014 NORDHOFF STREET,NORTH HILLS,CA,91343-3042
1270,7721 SATSUMA AVENUE,SUN VALLEY,CA,91352-4531
1271,16425 HART STREET,VAN NUYS,CA,91406-4640
1272,3756 BAGLEY AVENUE APARTMENT #106,LOS ANGELES,CA,90034-4143
1273,5562 SANTA MONICA BLVD,LOS ANGELES,CA,90038-2902
1274,2116 THURMAN AVENUE,LOS ANGELES,CA,90016-1035
1275,4070 URSULA AVENUE UNIT #20,LOS ANGELES,CA,90008-2031
1276,584 N KINGSLEY DRIVE,LOS ANGELES,CA,90004-1954
1277,584 N KINGSLEY DRIVE,LOS ANGELES,CA,90004-1954
1278,8350 MELROSE AVENUE UNIT #101,LOS ANGELES,CA,90069-5495
1279,503 N FORMOSA AVENUE,LOS ANGELES,CA,90036-1944
1280,8947 HAAS AVENUE,LOS ANGELES,CA,90047-3509
1281,1132 MARIETTA STREET,LOS ANGELES,CA,90023-2120
1282,959 N CROFT AVENUE APARTMENT #2,LOS ANGELES,CA,90069-4245
1283,1511 ESSEX STREET,LOS ANGELES,CA,90021-2614
1284,6525 LA MIRADA AVENUE #110,LOS ANGELES,CA,90038-1448
1285,2303 VIRGINIA ROAD,LOS ANGELES,CA,90016-1635
1286,711 MARKET STREET,KLAMATH FALLS,CA,97601-6254
1287,6905 HINDS AVENUE,NORTH HOLLYWOOD,CA,91605-6012
1288,5709 VIA MARISOL,LOS ANGELES,CA,90042-4818
1289,9533 W PICO BLVD #b,LOS ANGELES,CA,90035-1201
1290,1226 W 59TH STREET,LOS ANGELES,CA,90044-2806
1291,1550 W 29TH STREET,LOS ANGELES,CA,90007-2850
1292,191 HERRICKS ROAD,GARDEN CITY PARK,CA,11040-5236
1293,8529 TYRONE AVENUE,PANORAMA CITY,CA,91402-3115
1294,3276 W SLAUSON AVENUE,LOS ANGELES,CA,90043-2564
1295,22916   STYLES STREET,WOODLAND HILLS,CA,91367-1622
1296,5237 NORWICH AVENUE,SHERMAN OAKS,CA,91411-3903
1297,7817 CORBIN AVENUE,WINNETKA,CA,91306-2609
1298,9800 VESPER AVENUE UNIT #9,PANORAMA CITY,CA,91402-1051
1299,3640   LOS FELIZ BLVD #2,LOS ANGELES,CA,90027-2435
1300,1330 N GARDNER STREET #308,LOS ANGELES,CA,90046-8543
1301,4547 1/2 W 17TH STREET,LOS ANGELES,CA,90019-5834
1302,21173 SAN MIGUEL STREET,WOODLAND HILLS,CA,91364-3347
1303,12143 MOORPARK STREET,STUDIO CITY,CA,91604-1216
1304,10884 NATIONAL BLVD,LOS ANGELES,CA,90064-4123
1305,10921 WILSHIRE BLVD UNIT #613,LOS ANGELES,CA,90024-4001
1306,5050 HAYTER AVENUE #5,LAKEWOOD,CA,90712-3125
1307,1713 W SLAUSON AVENUE,LOS ANGELES,CA,90047-1120
1308,7135 HOLLYWOOD BLVD #204,LOS ANGELES,CA,90046-3240
1309,2232 BRIER AVENUE,LOS ANGELES,CA,90039-3303
1310,2112 ROSCOMARE ROAD,LOS ANGELES,CA,90077-2221
1311,9244 CORDELL DRIVE,LOS ANGELES,CA,90069-1720
1312,131 N AVENUE 51 APARTMENT #3,LOS ANGELES,CA,90042-3941
1313,6271 PINE CREST DRIVE,LOS ANGELES,CA,90042-4346
1314,5182 W 20TH STREET,LOS ANGELES,CA,90016-1339
1315,1315 ABBOT KINNEY BLVD,VENICE,CA,90291-3739
1316,6212 VAN NOORD AVENUE,VAN NUYS,CA,91401-3226
1317,1833 1/2 W 47TH STREET,LOS ANGELES,CA,90062-1908
1318,10158 NEVADA AVENUE,CHATSWORTH,CA,91311-2832
1319,6915 FOUNTAIN AVENUE,LOS ANGELES,CA,90028-7517
1320,12740 LANDALE STREET,STUDIO CITY,CA,91604-1349
1321,2009 ROUTE 130 N,BURLINGTON,CA,08016-9729
1322,3133 CORINTH AVENUE,LOS ANGELES,CA,90066-1403
1323,841  1/2 N VENDOME STREET,LOS ANGELES,CA,90026-6764
1324,152 S WAVERLY STREET,ORANGE,CA,92866-2125
1325,13102 KAGEL CANYON STREET,PACOIMA,CA,91331-3218
1326,21031 VENTURA BLVD SUITE #1000,WOODLAND HILLS,CA,91364-2227
1327,4309 LEIMERT BLVD,LOS ANGELES,CA,90008-5201
1328,4334 WILLOW BROOK AVENUE APARTMENT #4,LOS ANGELES,CA,90029-2970
1329,18139 ERIK COURT UNIT #258,CANYON COUNTRY,CA,91387-4990
1330,10375 WILSHIRE BLVD,LOS ANGELES,CA,90024-4728
1331,603 N NEW HAMPSHIRE AVENUE,LOS ANGELES,CA,90004-2146
1332,4040 EAST BLVD,LOS ANGELES,CA,90066-4608
1333,169 GREENFIELD AVENUE,LOS ANGELES,CA,90049-3204
1334,20273 HAMLIN STREET,CANOGA PARK,CA,91306-4217
1335,6100 GLEN ALDER STREET,LOS ANGELES,CA,90068-2252
1336,11611 SAN VICENTE BLVD #740,LOS ANGELES,CA,90049-6519
1337,423 N VENICE BLVD APARTMENT #9,VENICE,CA,90291-4562
1338,5850 VALLEY CIRCLE,WOODLAND HILLS,CA,91367-3973
1339,6768 IRONDALE AVENUE,WINNETKA,CA,91306-4018
1340,6001 HILLANDALE DRIVE APARTMENT #6,LOS ANGELES,CA,90042-5301
1341,1737 N ORANGE DRIVE APARTMENT #5,LOS ANGELES,CA,90028-4314
1342,5055 COLDWATER CANYON AVENUE #108,SHERMAN OAKS,CA,91423-1688
1343,12427 ROSE AVENUE,LOS ANGELES,CA,90066-1515
1344,5183 W SUNSET BLVD,LOS ANGELES,CA,90027-5715
1345,5657 CRANER AVENUE,NORTH HOLLYWOOD,CA,91601-2013
1346,23442 COLLINS STREET,WOODLAND HILLS,CA,91367-3014
1347,3809 CRAWFORD STREET,LOS ANGELES,CA,90011-2617
1348,10707 AVALON BLVD,LOS ANGELES,CA,90061-2521
1349,3944 ANN ARBOR ROAD,LAKEWOOD,CA,90712-3815
1350,6240 LAUREL CANYON BLVD #200,N HOLLYWOOD,CA,91606-3219
1351,20418 E WALNUT DRIVE N UNIT #1C,WALNUT,CA,91789-2920
1352,351 FOOTHILL ROAD,BEVERLY HILLS,CA,90210-3609
1353,1664 S WESTERN AVENUE,LOS ANGELES,CA,90006-5802
1354,7511 S CENTRAL AVENUE,LOS ANGELES,CA,90001-2426
1355,340 S LA FAYETTE PARK PLACE    #232,LOS ANGELES,CA,90057-1681
1356,17340 DEVONSHIRE STREET,NORTHRIDGE,CA,91325-1543
1357,10405 CANOGA AVENUE #237,CHATSWORTH,CA,91311-2219
1358,204 E CALDER WAY SUITE #200,STATE COLLEGE,CA,16801-4756
1359,7320 LENNOX AVENUE UNIT #D13,VAN NUYS,CA,91405-2397
1360,11676 1ST AVENUE UNIT #B,LYNWOOD,CA,90262-3803
1361,15856 ROMAR STREET,NORTH HILLS,CA,91343-1418
1362,12052 PEORIA STREET,SUN VALLEY,CA,91352-2318
1363,7300 VARIEL AVENUE APARTMENT #105,CANOGA PARK,CA,91303-1609
1364,901 CENTENNIAL STREET APARTMENT #8,LOS ANGELES,CA,90012-1350
1365,2236 BEVERLY BLVD,LOS ANGELES,CA,90057-2208
1366,4959 SYCAMORE TERRACE,LOS ANGELES,CA,90042-4460
1367,210 S LARCHMONT BLVD,LOS ANGELES,CA,90004-3711
1368,2528 W JEFFERSON BLVD,LOS ANGELES,CA,90018-3703
1369,1517 N HOOVER STREET APARTMENT #4,LOS ANGELES,CA,90027-5572
1370,247 E 75TH STREET,LOS ANGELES,CA,90003-2135
1371,3722 BRILLIANT PLACE,LOS ANGELES,CA,90065-3514
1372,10332 EASTBORNE AVENUE,LOS ANGELES,CA,90024-5350
1373,15500   ERWIN STREET APARTMENT #159,VAN NUYS,CA,91411-1017
1374,943 N BEAUDRY AVENUE,LOS ANGELES,CA,90012-1381
1375,1065 LOMITA BLVD SPACE #30,HARBOR CITY,CA,90710-1975
1376,3707 FREDONIA DRIVE,LOS ANGELES,CA,90068-1209
1377,2318 OCEAN VIEW AVENUE APARTMENT #1,LOS ANGELES,CA,90057-2718
1378,20134 LEADWELL STREET APARTMENT #126,WINNETKA,CA,91306-4926
1379,1000 E WASHINGTON BLVD UNIT #118,LOS ANGELES,CA,90021-3070
1380,3402 GARDEN AVENUE,LOS ANGELES,CA,90039-1920
1381,6247 HOLLYWOOD BLVD,LOS ANGELES,CA,90028-5310
1382,13960 BURBANK BLVD #6,SHERMAN OAKS,CA,91401-5027
1383,2719 WILSHIRE BLVD SUITE #250,SANTA MONICA,CA,90403-4705
1384,11473 MEADOWVIEW LANE,PACOIMA,CA,91331-1451
1385,3021 PAULCREST DRIVE,LOS ANGELES,CA,90046-1144
1386,7917 SELMA AVENUE #210,LOS ANGELES,CA,90046-2669
1387,5345 WHITE OAK AVENUE,ENCINO,CA,91316-2482
1388,1447 E 43RD STREET,LOS ANGELES,CA,90011-3321
1389,3524 CALIFORNIA STREET,HUNTINGTON PARK,CA,90255-5922
1390,576 QUAIL DRIVE,LOS ANGELES,CA,90065-5045
1391,7644 YARMOUTH AVENUE,RESEDA,CA,91335-2240
1392,4582 WAWONA STREET,LOS ANGELES,CA,90065-5238
1393,517 N VISTA STREET,LOS ANGELES,CA,90036-5744
1394,525 S BERENDO STREET APARTMENT #401,LOS ANGELES,CA,90020-5601
1395,6942 ZELZAH AVENUE,RESEDA,CA,91335-4831
1396,1650 VETERAN AVENUE #203,LOS ANGELES,CA,90024-5537
1397,3035 FARMDALE AVENUE,LOS ANGELES,CA,90016-4030
1398,11049 KLING STREET,NORTH HOLLYWOOD,CA,91602-1721
1399,12314 SHELDON STREET,SUN VALLEY,CA,91352-2434
1400,15310 PARTHENIA STREET,NORTH HILLS,CA,91343-5106
1401,4222 VANTAGE AVENUE,STUDIO CITY,CA,91604-2065
1402,578 WASHINGTON BLVD #953,MARINA DEL REY,CA,90292-5442
1403,9701 W PICO BLVD,LOS ANGELES,CA,90035-4744
1404,6325 8TH AVENUE APARTMENT #7,LOS ANGELES,CA,90043-4127
1405,1646 S ST ANDREWS PLACE UNIT #1,LOS ANGELES,CA,90019-6429
1406,22400 N SUMMIT RIDGE CIRCLE,CHATSWORTH,CA,91311-2687
1407,404 S FIGUEROA STREET #412,LOS ANGELES,CA,90071-1713
1408,13731   LINFIELD AVENUE,SYLMAR,CA,91342-3312
1409,22020 CLARENDON STREET #102,WOODLAND HILLS,CA,91367-6302
1410,12407 VICTORIA AVENUE,LOS ANGELES,CA,90066-3629
1411,1319 AVENIDA DE CORTEZ,PACIFIC PALISADES,CA,90272-2124
1412,10930 PENROSE STREET,SUN VALLEY,CA,91352-2001
1413,13244 GRIDLEY STREET,SYLMAR,CA,91342-4526
1414,10969 LUDDINGTON STREET,SUN VALLEY,CA,91352-2716
1415,10325 COMMERCE AVENUE APARTMENT #1,TUJUNGA,CA,91042-1951
1416,5906 ETIWANDA AVENUE UNIT #20,TARZANA,CA,91356-1650
1417,1425 W 7TH STREET,LOS ANGELES,CA,90017-2305
1418,2310 GLENDALE BLVD UNIT #4,LOS ANGELES,CA,90039-3254
1419,3732 EFFINGHAM PLACE,LOS ANGELES,CA,90027-1428
1420,1461 EAGLE PARK ROAD SUITE #191,HACIENDA HTS,CA,91745-3132
1421,1843 W 76TH STREET,LOS ANGELES,CA,90047-2327
1422,15401 LUDLOW STREET,MISSION HILLS,CA,91345-1319
1423,6064 HORNER STREET ##1,LOS ANGELES,CA,90035-3812
1424,12400 VENTURA BLVD SUITE #633,STUDIO CITY,CA,91604-2406
1425,6648 SALOMA AVENUE,VAN NUYS,CA,91405-4538
1426,16014 CHATSWORTH STREET,GRANADA HILLS,CA,91344-7042
1427,447 N HAGAR STREET,SAN FERNANDO,CA,91340-2323
1428,16651 RINALDI STREET,GRANADA HILLS,CA,91344-3632
1429,12534 1/2 VANOWEN STREET,N HOLLYWOOD,CA,91605-5316
1430,1947 W 41ST DRIVE,LOS ANGELES,CA,90062-1408
1431,2230 VENICE BLVD #C,LOS ANGELES,CA,90006-5108
1432,6215 AURA AVENUE,TARZANA,CA,91335-6518
1433,16014 CHATSWORTH STREET,GRANADA HILLS,CA,91344-7042
1434,10714 LEV AVENUE,MISSION HILLS,CA,91345-2342
1435,8320 ISIS AVENUE,LOS ANGELES,CA,90045-3332
1436,5646 GLENFORD STREET,LOS ANGELES,CA,90008-1021
1437,17116 BARNESTON STREET,GRANADA HILLS,CA,91344-2441
1438,1733 S LA CIENEGA BLVD,LOS ANGELES,CA,90035-4601
1439,1233 S LOS ANGELES STREET,LOS ANGELES,CA,90015-2538
1440,14271 MINNEHAHA STREET,MISSION HILLS,CA,91345-2315
1441,2623 MACEO STREET,LOS ANGELES,CA,90065-1118
1442,17117 LANARK STREET,VAN NUYS,CA,91406-1042
1443,4605 S VAN NESS AVENUE,LOS ANGELES,CA,90062-1940
1444,2020 S BEDFORD STREET APARTMENT #1,LOS ANGELES,CA,90034-1250
1445,9811 DELCO AVENUE,CHATSWORTH,CA,91311-5325
1446,7908 SHOUP AVENUE,CANOGA PARK,CA,91304-4616
1447,10556 TELFAIR AVENUE,PACOIMA,CA,91331-3047
1448,8800 KESTER AVENUE UNIT #127,PANORAMA CITY,CA,91402-2135
1449,5618 W 79TH STREET,LOS ANGELES,CA,90045-3306
1450,10929 VANOWEN STREET UNIT #108,NORTH HOLLYWOOD,CA,91605-6428
1451,8726 D S SEPULVEDA BLVD,LOS ANGELES,CA,90045-4023
1452,7806 WHITSETT AVENUE,N HOLLYWOOD,CA,91605-2204
1453,1423 W 68TH STREET,LOS ANGELES,CA,90047-2020
1454,904 SANBORN AVENUE,LOS ANGELES,CA,90029-3018
1455,30 LATIMER ROAD,SANTA MONICA,CA,90402-1012
1456,3817 BLEDSOE AVENUE,LOS ANGELES,CA,90066-4017
1457,1776 N SYCAMORE AVENUE APARTMENT #306,LOS ANGELES,CA,90028-8660
1458,4509 TOBIAS AVENUE,SHERMAN OAKS,CA,91403-2822
1459,16550 KALISHER STREET,GRANADA HILLS,CA,91344-3777
1460,3100 BELLEVUE AVENUE APARTMENT #309,LOS ANGELES,CA,90026-3768
1461,5921 NOBLE AVENUE,VAN NUYS,CA,91411-3026
1462,6455 DENNY AVENUE,NORTH HOLLYWOOD,CA,91606-2731
1463,6650 WOODLEY AVENUE APARTMENT #216,VAN NUYS,CA,91406-6822
1464,500 MOLINO STREET SUITE #201,LOS ANGELES,CA,90013-2266
1465,15238 COVELLO STREET,VAN NUYS,CA,91405-1607
1466,16340 MARILYN DRIVE,GRANADA HILLS,CA,91344-3039
1467,1832 MALTMAN AVENUE,LOS ANGELES,CA,90026-1126
1468,601 MCCARTHY BLVD,NEW BERN,CA,28562-5232
1469,1969 S DURANGO AVENUE,LOS ANGELES,CA,90034-1116
1470,3805 ESPLANADE,MARINA DEL REY,CA,90292-5901
1471,6690 WHITLEY TERRACE    #L,LOS ANGELES,CA,90068-3221
1472,12722 RIVERSIDE DRIVE APARTMENT #20,VALLEY VILLAGE,CA,91607-3326
1473,7035 ATOLL AVENUE,N HOLLYWOOD,CA,91605-4605
1474,6700 GERALD AVENUE,VAN NUYS,CA,91406-5705
1475,119 S 5TH STREET,ALHAMBRA,CA,91801-3745
1476,4806 W 63RD STREET,LOS ANGELES,CA,90056-1713
1477,608 S HILL STREET UNIT #109,LOS ANGELES,CA,90014-1708
1478,16650 CALLE HALEIGH,PACIFIC PALISADES,CA,90272-1969
1479,8971 W 24TH STREET,LOS ANGELES,CA,90034-2009
1480,3137 STANFORD AVENUE,MARINA DEL REY,CA,90292-5528
1481,3904 DON DIABLO DRIVE,LOS ANGELES,CA,90008-4302
1482,9701 SAWYER STREET,LOS ANGELES,CA,90035-4107
1483,10335 STAFFORD LANE,CHATSWORTH,CA,91311-2560
1484,245 BOX CANYON ROAD,CANOGA PARK,CA,91304-1004
1485,1431 W 50TH STREET,LOS ANGELES,CA,90062-2415
1486,15917 GLEDHILL STREET,NORTH HILLS,CA,91343-2914
1487,1887 GREENFIELD #106,LOS ANGELES,CA,90025-4416
1488,803 N CROFT AVENUE,LOS ANGELES,CA,90069-4231
1489,1329 KENISTON AVENUE,LOS ANGELES,CA,90019-1714
1490,10966 BORDEN AVENUE,PACOIMA,CA,91331-1505
1491,6823 GREELEY STREET,TUJUNGA,CA,91042-2808
1492,4503 ATOLL AVENUE,SHERMAN OAKS,CA,91423-3304
1493,4240   FULTON AVENUE UNIT #110,STUDIO CITY,CA,91604-1803
1494,6961 SUNNYDELL TRAIL,LOS ANGELES,CA,90068-2051
1495,5663 W 78TH STREET,LOS ANGELES,CA,90045-1718
1496,15226 KORNBLUM AVENUE,LAWNDALE,CA,90260-2441
1497,439 N ARDEN BLVD,LOS ANGELES,CA,90004-3023
1498,11585 KILLIMORE AVENUE,NORTHRIDGE,CA,91326-1507
